Name,ID
Lucas Black,85407.0
Jaime King,454809.0
Freddie Highmore,383603.0
Kristoffer Joner,427379.0
Aya Endô,2594314.0
 Jim van der Panne,1205217.0
 Vladislav Galkin,302270.0
Geethanjali,6367882.0
Olivia Newton-John,556.0
Lola Kirke,3860305.0
 Joon-woo Choi,10867910.0
 Paul Scheer,1179677.0
James Caan,1001.0
Emeli Sandé],4743611.0
 Shun Asada,6155788.0
Warren Beatty,886.0
 Letizia Ciampa,2135954.0
Richie Jen,719104.0
 Ayu Ratna,2206221.0
Minami Minegishi,2685343.0
 Brendan Fehr,270451.0
Jai Koutrae,1195175.0
 Arisa Nakamura],2105245.0
 Josie Davis,4861.0
Jake Steinfeld,826039.0
 Layla Alexander,18916.0
 Jordi Mollà,3244.0
 Nicole Contreras,176534.0
 Federico Godfrid,3184750.0
 Niki Spiridakos,1541479.0
 Tommy Wiseau,1382072.0
Ju-hyuk Kim,1030523.0
Laurent Tissier],9261940.0
 Nathan Borck,1651727.0
Pepper Sweeney,842182.0
 Visar Vishka,3757358.0
Shiang-chyi Chen,155365.0
 Vukasin Jasnic,4425316.0
Johnny Knoxville,424216.0
 Lee Remick,1665.0
 Robert De Niro,134.0
 Jan Mybrand,616593.0
Daya Alwis,1039251.0
Vanessa Anderson,1366362.0
 Aliyah Conley,8679208.0
Benoît Magimel,536095.0
Alison Brie,1555340.0
 Kazuhiro Hashimoto,1987111.0
 Jean Hagen,353405.0
Zach Abdallah,8641229.0
 Frank Robert,730635.0
 Lori Petty,1614.0
Debra Messing,5226.0
 Oded Fehr,4912.0
 Dilip Rayamajhi,1082192.0
 Art Evans,262543.0
 Nekohachi Edoya,249644.0
 Laura Linney,1473.0
 Matt Smith,1741002.0
RZA,753526.0
Sovonjit Ghosh,9544689.0
Sam Milby,2049965.0
 David de Vries,212278.0
 Justin Walker,907915.0
Tyler Messner,2871537.0
 Mia Skäringer,3230026.0
Tom Riley,2068559.0
Gruschenka Stevens,828435.0
 David Moirin],3404561.0
 Nathaniel Brown,1140926.0
Miguel Ferrer,1208.0
Ícaro Silva,798339.0
Rafe Spall,1245863.0
 Bella Thorne,2254074.0
 Moritz Brendel,3655833.0
 Belle Chrystall,160779.0
Shakib Khan,3492497.0
Alfie Boe,2443286.0
Wang Geng,9934606.0
 Jon Gries,340973.0
J.K. Simmons,799777.0
 Courtney Lakin],4779514.0
Lloyd Amps,5505231.0
 Raoul Bova,100556.0
Noah Bean,63800.0
Eli Roth,744834.0
Aleksandr Taranzhin,2271935.0
Jeremy Irvine,3528539.0
 Pavel Ruminov,1253078.0
Paris Hilton,385296.0
 Clotilde Hesme,1202905.0
 Michel Serrault,785664.0
 Patrick Collins,172591.0
Rufino Camacho,2915996.0
 Terry Kiser,435218.0
 Dainius Gavenonis,2704448.0
 Parker Posey,205.0
 Caleb Christofer,3257293.0
 Bjarne Henriksen,377580.0
Justin Timberlake,5493.0
Birgundi Baker,8447789.0
 Taylor Schilling,2279940.0
Uwe Rathsam,711765.0
 Andrew Dasz,3388759.0
 Gregory Jones,1693954.0
 Roger Ashton-Griffiths,4355.0
 Aslan Irizarry,6034239.0
 Emily Mortimer,607865.0
Magaly Solier,2008680.0
 Mahie Gill,2977124.0
 Laura Allen,20751.0
 Mariko Shinoda,3380697.0
 Ramiro Rodriguez,7107400.0
 Reeth Mazumder,4157086.0
Aomi Muyock,7312806.0
Dave Finn,1241285.0
 Milla Jovovich,170.0
 Siiri Sisask,802975.0
 Winnie Böwe,127183.0
 Mark Hug,3261407.0
 Michael McFadden,4371266.0
 Pauline Lau,490597.0
Fevzi Altunbulak,7616760.0
Sophia Loren,47.0
Emily Barclay,1120593.0
 Erica Durance,1570568.0
Julie Sozza-Barbier,1999691.0
Tosh Zhang,6277301.0
 Bozhao Wang,910844.0
Carson Meyer,6910083.0
 Arthur Dupont,1570563.0
 Mu-Yeol Kim,3673844.0
Stacy Chbosky,1089340.0
 Willie,513.0
Jung-woo Ha,1978402.0
 Billy Fourquet,4078038.0
 Kit Harington,3229685.0
 Rick Gomez,327072.0
Alfred Molina,547.0
Alan Thicke,5484.0
 Jack Plotnick,687443.0
 Steve Wiebe,2528248.0
Meriem Serbah,1100049.0
Archie Panjabi,659544.0
Tali Sharon,1632883.0
 Iris Apatow,2957717.0
 Gabe Vargas,2427397.0
Sophie Vavasseur,1070538.0
 Noah Bean,63800.0
 Michal Wisniewski,1372465.0
Kushal Badrike,3874608.0
 Johnny Simmons,2215447.0
 Beck Bennett,3080722.0
Manuel Rubey,2445857.0
Darris Love,522307.0
Kristofer Callander,7785656.0
 Cody Fern,3719144.0
Jenn Proske,3834164.0
 Scott Bakula,836.0
 Ted King,455316.0
Carter Jenkins,1334396.0
 Ayush Pathak,7433074.0
Keri Russell,5392.0
 Bob Adriaens,4444671.0
Maiara Walsh,2118666.0
 Daniel Betts,79418.0
 Scott MacDonald,531924.0
Ken Bevel,2848533.0
Laura Regan,716438.0
Jason Robards,1673.0
 James Frain,289656.0
 Quintin Macklin,10731661.0
 Sabu Kawahara,442754.0
 Suzanna Mukherjee,4885900.0
Thana Aiemniyom,5155823.0
 Robert Merrill,998549.0
Riz Ahmed,1981893.0
Marcos Hernández,1344021.0
 Adriano Visconti,4077591.0
 Romola Garai,304801.0
Manuchehr Azari,4326043.0
 Taraji P. Henson,378245.0
 Roland Culver,191745.0
 Teresa Palmer,1954240.0
Owen Farrell,2389374.0
 Shawn Parr,4157896.0
Atsushi Arai,4104743.0
Lisandro Bella,2149518.0
 Glenda Braganza,1759939.0
Ingrid Guimarães,347291.0
 Cristina Bertolli,10767051.0
 Michael Davis,205157.0
 Amer,3736872.0
 Joy Carlin,137516.0
 Tom Hiddleston,1089991.0
Jean Dujardin,241121.0
Mahershala Ali,991810.0
Zorz Sarri,765564.0
 Raj Gupta,4524800.0
Rob Schneider,1705.0
 Dan Fogler,283945.0
 Keith Nagel,4563900.0
Russell Brand,1258970.0
Alli Miller,505760.0
 Pepe Viyuela,900402.0
 Maury Sterling,827561.0
 Aimee McKay,4401508.0
 Richard Bull,119993.0
Jimmy Dempster,5044662.0
Rafael Goyri,1368522.0
 Piotr Zurawski,2767780.0
Wojciech Niemczyk,3363072.0
 Kristin Chenoweth,155693.0
Alejandro Speitzer,818687.0
Dan Futterman,1246.0
 Susan George,1265.0
Li Yuan,3036120.0
Andy Serkis,785227.0
 Matt Servitto,785854.0
Keisuke Horibe,394670.0
 Rachel Nichols,629697.0
Junko Asamiya,3983566.0
Laura Birn,1285342.0
Helen Shaver,1726.0
 Beth Toussaint,869728.0
 Peter Wingerd],1111906.0
 Brian McNamara,573658.0
 Jonny Weston,4103976.0
John Laurie,491406.0
 Luis Da Silva Jr.,1534888.0
 Jean-Baptiste Tabourin,2602462.0
 Ed Helms,1159180.0
 John Carradine,1017.0
 Donna Biscoe,83915.0
 Carmen Ejogo,252238.0
 Dave Donaldson,3974578.0
G.W. Bailey,47265.0
Tommy Flanagan,281107.0
Asia Mild,6650469.0
El Cicho,3621549.0
 Louise Blachère,2404515.0
 Nelsan Ellis,1734700.0
Su Ge,11013700.0
 Max Schneider,3449343.0
 Junjie Mao,2849520.0
Melissa McCarthy,565250.0
 Nabila Guider,1097043.0
 Nimród Antal,30735.0
Haruna Yabuki,1909188.0
 Takurô Kodama,10519522.0
 Chad Ridgely,1797652.0
Eddie Murphy,552.0
 Rebecca Dumanis,4877288.0
"""Rossella DAndrea""",2842390.0
Bouvier,100425.0
Seiji Kanbe,3629162.0
Gabrielle Union,5517.0
 Robert Bathurst,61106.0
 Catalina Sandino Moreno,1503432.0
 Olivia Thirlby,1880888.0
 Hope Davis,204706.0
 Zahed,1705553.0
Martin Milner,590398.0
Rani Mukerji,611552.0
Callum Ansley,9102308.0
 Jeffrey Quizon,1035919.0
 Leila Hatami,368689.0
Krishnudu,3809856.0
 Katharine Isabelle,410622.0
 Nathan Yapp,946331.0
 Jamie Hector,373100.0
Alexis Ayala,43609.0
 Armen Dzhigarkhanyan,246150.0
 Ali Biryar,2172373.0
David Carradine,1016.0
 Ray Romano,5380.0
Tobias Lamberts,2863644.0
 Michael Countryman,183613.0
G Culley],191442.0
Dane DeHaan,2851530.0
 Riya Sen,1328152.0
 Sarah Snook,3512758.0
Payman Maadi,1818216.0
 Benjamin Lewandowski,2874690.0
 Daryl Sabara,754512.0
 Ana de la Reguera,478886.0
Jon Viar,6623506.0
Julieta Ortiz,1817653.0
Kulani Kai,7341950.0
 John Cena,1078479.0
Julia Garner,3400186.0
 Sarah Greene,2497366.0
 Viggo Mortensen,1557.0
Illu Banarjee,3462580.0
Charlie Trairat,1552334.0
Vincent Piazza,1842344.0
 Natalie Swan,1010111.0
 Edward Hibbert,382503.0
 Michiyo Aratama,33171.0
 Jodelle Ferland,272706.0
 Sofya Skya,2599595.0
 Evald Aavik,7558.0
Jakob Oftebro,1939580.0
 Kyla Pratt,695497.0
 Patrice Bélanger,1815390.0
 Inori Minase,5667822.0
 Masatô Ibu,406592.0
Gérard Philipe,679959.0
 Tetta Sugimoto,837501.0
 Greg Wise,936353.0
Alexandra Maria Lara,487884.0
Lochlyn Munro,613147.0
 Tony Abruzzo,9411.0
 Nicole Brier,108907.0
Mickey Rourke,620.0
Harvey Keitel,172.0
 Goran Visnjic,899681.0
Arshad Warsi,451174.0
 Connie Cowper,2312104.0
Rose McIver,570860.0
 Lauren Lamarr,2780518.0
 Emily Behr,66984.0
Hayden Mackey,4249645.0
Holly Goss,3444592.0
Sébastien Eveno,1096540.0
David Oyelowo,654648.0
Aya Medel,575501.0
 Seth Gabel,181787.0
 Mathew E. Clark,1862021.0
Gabriel Enslin,6196182.0
 Rudranil Ghosh,2754475.0
Jim Carrey,120.0
 Lorelei Linklater,1085951.0
Doddanna,1747510.0
 Valentina Carlone,4272443.0
Pulkit Samrat,4992002.0
Leighton Meester,1015262.0
Kasumi Arimura,4134328.0
 Dakota Goyo,2023672.0
Casey Cantrell,6924019.0
Christian Bale,288.0
Scott Gurney,348697.0
 Jonny Beauchamp,4759657.0
 Carly Pope,5318.0
 Edison Wang,3120588.0
 Matthew Thomas Burda,5831621.0
 Kerry Washington,913488.0
Margot Winick],6263866.0
Petri Falck,5441985.0
 Mila Palm,1412779.0
 Jennifer Lopez,182.0
Missi Pyle,701512.0
Callum Turner,4360085.0
Sean Pertwee,675730.0
 Naomi Kawase,442905.0
 Jan Hartl,366779.0
Jack Armstrong,35737.0
Ron Bush,3371237.0
An Himeno,2797925.0
 Iván Sánchez,1669154.0
 Harley Quinn Smith,808410.0
Arta Dobroshi,1671184.0
Bobby Field,275901.0
 Jason Cope,2271261.0
Sean Stone,832165.0
 Ahmed Helmy,1218629.0
Joe Feldman-Barros,3944898.0
Josh Arnold,2118931.0
 Daniel Garza,3225630.0
 Gonzalo Estupiñan,3599594.0
 Upma Shrivastav,2831683.0
 Miguel Borges,96585.0
 Raquel Escribano,2293113.0
 Jonathan Patrick Moore,1485069.0
Sophy Aiida,3852430.0
Jade Leung,504949.0
Eva Bianco,1169643.0
 Nathan Phillips,680667.0
 Anil Burugani,10076538.0
Andrej Iliev,7273589.0
Aaron Taylor-Johnson,1093951.0
 Nipun,4683507.0
Carrie Keagan,1764169.0
 Kirsten Dunst,379.0
 Edward Burns,122653.0
 Cindy Cayr,4368188.0
Helen Mirren,545.0
Zack Ward,911933.0
Cycerli Ash,4720548.0
Engin Altan Düzyatan,1731629.0
 Efé,3721359.0
 Aml Ameen,1543989.0
MHD,7366968.0
Sridevi,4437.0
 Josh Way,5295208.0
 Jan Skorzewski,2589740.0
 Stéphane Rousseau,1234157.0
Mark Jenkin,1985490.0
 David Wagner,905858.0
Juan Blanco,4731746.0
Method Man,541218.0
Kevin Ballenger,6243655.0
 Gary Ambrosia,1967561.0
 Brigitte Lahaie,1740498.0
 Sang-hon Kim,1775443.0
 Yoga Arizona,4935811.0
Walter Nudo,637748.0
 Yi-Chen Lee,8368790.0
 Cesare Tarabella,7728805.0
 Kara Lindsay,5012352.0
Cherish Cullins,3981483.0
Joel Courtney,1525807.0
 Ty Burrell,123092.0
Daniel Wu,943079.0
 Chia-Yu Lin,6994882.0
Dan-bi Geum,7732432.0
Michael Baskin,59954.0
Isaac Bekker,2713569.0
Jayaram,419688.0
 Sonia Bohosiewicz,1338476.0
 J. Todd Adams,11023.0
 Catherine Zeta-Jones,1876.0
 Jon Jiminez],10883242.0
"""Sydney""",2858875.0
 Yi Huang,399062.0
Prabhu Deva,222150.0
 Chris Bauer,61777.0
 Tasha Clark,4483785.0
Rob Corrigan,4795581.0
Milind Gunaji,348004.0
 Alfredo Varela],889588.0
 Daisuke Watanabe,3516091.0
Caroline Redekopp,1690500.0
Marcus Bloom,7222444.0
 Leandro Firmino,1129884.0
 Colleen Dewhurst,223157.0
Jacques Mayol,562936.0
Kate Dickie,225483.0
 Elina Reinold,1840695.0
Patrick J. Adams,1140666.0
Daniil Strakhov,833213.0
 Michael Bassey,7964802.0
 Armando Hernández,379877.0
Kiran Rathod,993256.0
Hanika Nankervis,8864335.0
 Danny Woodburn,940173.0
Egbert Jan Weeber,917224.0
 Tom Bonello,6326292.0
 Show Lo,3881333.0
Jordan Peele,1443502.0
 Claudia Cantero,2547679.0
 Frédéric Evrard,7066948.0
Nick Cannon,134244.0
 Charles Aznavour,2198.0
Andrew Benator,70235.0
Jasper Jewel,5546659.0
Michael Cera,148418.0
 Orion Acaba,1039206.0
Chiwetel Ejiofor,252230.0
 Jong-woon Kim,4798757.0
 Raffaëla Anderson,
Kevin Heffernan,373571.0
 Jeremy McWilliams,4835245.0
 Sonya Jehan,1300111.0
Dalton Vigh,896942.0
 Joanna Liszowska,1573175.0
Nathalie Kelley,2036142.0
Tomoru Akazawa,6460948.0
 Tuppence Middleton,3095562.0
Arron Shiver,1377287.0
Andrea Huck,2907417.0
 Emily Perkins,673932.0
Philippe Volter,901812.0
 Megalyn Echikunwoke,248461.0
 Justin Timberlake,5493.0
Mehandi,3081993.0
Sandon Berg,1419498.0
Koyuki,468746.0
 Toshana Mukherjee,8476517.0
 Semih Sergen,785081.0
Baoqiang Wang,1316170.0
 Roberto Ballesteros,50805.0
 Ed Speleers,1968873.0
Biswajit Ghosh,10608939.0
Gregory Peck,60.0
 Arieh Worthalter,3581007.0
Katya Santos,1192396.0
 Abbas Gahramanov,2947522.0
Jeff Daniels,1099.0
 Aju Varghese,4028151.0
 Sung Kang,437646.0
 Jack Huston,1658935.0
 Janardanan,417314.0
 Aleisha Force,1863963.0
 Kilafairy,4211126.0
Golshifteh Farahani,267042.0
 Alyvia Alyn Lind,4865040.0
Detlef Bothe,98524.0
 Alexander Gonzalez,2036272.0
Ryan Cartwright,142206.0
 Paul Nicholls,629493.0
Mirjana Karanovic,438905.0
 Ulrich Mühe,618057.0
Jamie Blackley,3284401.0
 Adarsha Benjamin,2166162.0
 Bryant Mainord,3891199.0
Barbra Streisand,659.0
 Kett Turton,878141.0
Patty Barrera,3805571.0
 Jimmy Tavares,1225571.0
Jaies Baptiste,3936192.0
Katja Herbers,1126156.0
 Shola Adewusi,1568411.0
 Deborah Ann Woll,2832695.0
Raj Arjun,2366974.0
 Seneca Relich,1944136.0
 Angelo Crotti,1012983.0
Geneviève Bujold,991.0
Nowshad],8436480.0
Kentucker Audley,2310589.0
 Tasuku Emoto,1504747.0
Jud Birza,3646024.0
Merrill Ashley,1183236.0
Ana de la Reguera,478886.0
 Anne Ramsay,708867.0
Ryô Tomioka,1968305.0
 Güven Kiraç,456077.0
 Etienne Baret],105.0
Tony Key,3751281.0
 Pasha Ebrahimi,3395644.0
Cecilia Antonozzi,8940353.0
 Janet Chu,3009259.0
 Léa Seydoux,2244205.0
Daniel Sloss],3742536.0
 Lauren Cohan,1659348.0
" ""Frances OConnor""",640323.0
 Sean Penn,576.0
Monica Bellucci,899.0
 Jason Patric,574.0
 Toshiki Ayata,43678.0
Ben Tibber,862539.0
Sami Bouajila,98793.0
 Geno Romo,2179940.0
Hiroki Hasegawa,4056296.0
 Damijan Oklopdzic,4986118.0
 Rob Mayes,2373827.0
 Sarah Grey,4152858.0
 Roslyn Ruff,1603998.0
 Dennis Hopper,454.0
 Jennica Fulton,5372760.0
John Dife,6043955.0
Albert Brooks,983.0
Shareefa Daanish,2781219.0
Hector Echavarria,248373.0
Gail Patrick,665850.0
Seth MacFarlane,532235.0
Henry Cavill,147147.0
Don Thompson,860065.0
 Adam Cardon,1194034.0
Sasha Aagha,5598032.0
Tonjia Atomic,3762714.0
Zoë Bell,1057928.0
 Aleksey Chadov,1128120.0
 Paul Sparks,817027.0
Poonam Pandey,5795152.0
James Spader,652.0
Ayushmann Khurrana,4731677.0
Rajan P. Dev,222145.0
 David Castro,1807350.0
 Melissa D. Beveridge,3349812.0
Hideaki Itô,411692.0
 Warren Graff,1415698.0
Margaret Laney,1219080.0
Jack Black,85312.0
 Bert Luppes,526999.0
Wagner Moura,609944.0
 Paul Soter,815418.0
 Tania Raymonde,713389.0
Justin Chambers,150362.0
Wim Helsen,2127244.0
Sampath Kumar,889542.0
 Paul Gagne,1278752.0
 Will Patton,1599.0
 Warren Gatland,6135858.0
Benjamin Aronson,4455207.0
Shah Rukh Khan,451321.0
Emily Donahoe,231918.0
Jon Heder,1417647.0
 Stellan Skarsgård,1745.0
Gaite Jansen,3130060.0
José Sacristán,755364.0
 Oliver Samuels,760502.0
 Mike Vogel,1036181.0
Billy West,921942.0
Alessandro Nivola,5273.0
Jonathan Cherry,974364.0
 Sam Worthington,941777.0
 Élodie Bouchez,1965.0
 Hugo Weaving,915989.0
Servanne Andre,8313158.0
 Meg Ryan,212.0
Marie-Therese Bjornerud,3204264.0
 Darren K. Hawkins,1216672.0
 Ilya Shakunov,787697.0
Sharon Cuneta,192117.0
Michael Fassbender,1055413.0
 Moira Brooker,111757.0
 Ximena Herrera,1632639.0
Matías Quer,1437164.0
Makhmud Esambayev,260063.0
Meredith Shank,4753844.0
 Jason Statham,5458.0
Lily James,4141252.0
 Mithun Chakraborty,149822.0
Batia Bar,3563631.0
 David Wilson Barnes,1477818.0
 Gabriel Bateman,5145655.0
Ben Barnes,1602660.0
Kevin Spacey,228.0
 Simon Armstrong,1409802.0
 Niamh Cusack,193657.0
Mandy Moore,601553.0
 Juan Carlos Ruiz],749834.0
 Ian Herrmann,4695155.0
Tobey Maguire,1497.0
 Reine Swart,6868308.0
 Nera Stipicevic,3566624.0
Guillaume Canet,133899.0
John C. Reilly,604.0
 Rahul Khanna,451391.0
 Big Daddy Kane,437263.0
 You Ge,311212.0
 Bo Phillips,4909884.0
Gaby],451.0
 Trenton Rogers,2152695.0
 Oscar Isaac,1209966.0
 Susan Blackwell,85959.0
Dan Poor,1986593.0
Kang-ho Song,814280.0
 Lupe Ontiveros,648913.0
 João Cabral,127733.0
Rodrigo Fischer,4840261.0
Cody Cowell,1431341.0
 Ferran Terraza,970337.0
Ashley Hinshaw,3358233.0
 Jovica Mihajlovski,586169.0
Sissy Spacek,651.0
Dale Hersh,2274440.0
Pradeep Dharmadasa,2750358.0
 Ivan Kokorin,1334560.0
Franco Nero,626259.0
 Mackenzie Foy,3237775.0
Halina Reijn,717603.0
 Vasiliy Nitsko,2351429.0
 Troy Howard,1463910.0
 Alexandra Cohler,3183236.0
 Mark Sollors],5825749.0
Bahez Fatah,4240255.0
Carla Juri,3231562.0
 Dania Ramirez,1268158.0
Alycia Debnam-Carey,1486317.0
 Jason Connery,1064.0
Yann Toderi,865325.0
"""Rickey DShon Collins""",172636.0
Joel Edgerton,249291.0
Daiki Arioka,1178141.0
Tatiana Benard,4413440.0
Ji-Tae Yoo,949167.0
 Melissa Erhart,3827096.0
 Eliza Dushku,244630.0
Martin Sheen,640.0
 Ryan Reynolds,5351.0
Ruth Behar,1333189.0
Dato Iashvili,1009125.0
 Eric Stoltz,655.0
David Kross,1269088.0
 Othon Bastos,60584.0
Alfred Heppener,2416308.0
 Linda Baldrich,2567388.0
 Linda Friar,7478516.0
" ""Elyas MBarek""",1065929.0
 Xiang Li,1982002.0
Antonia Thomas,3687902.0
 Nicholas Hope,394034.0
 Ranjith],3163794.0
 Murray Gray,6154783.0
Maximiliano Ghione,315784.0
Megan Cooke,10670612.0
 Alessio Nonfanti,4392652.0
 Hugo Stiglitz,830153.0
Michel Blanc,3508.0
Ufuk Bayraktar,1832249.0
Josh Alscher,2056712.0
 Bidusmitha,4566081.0
 Vera Farmiga,267812.0
Takako Matsu,559381.0
Isabelle Huppert,1376.0
 Rick Edwards,2051874.0
 Martha Higareda,1172285.0
Michael Tucker,875951.0
 Andrew Scott,778831.0
Billie-Suliat Baker,1534714.0
Jiri Chromecka,3370371.0
 Jake Weber,916617.0
 Tanit Phoenix Copley,1801063.0
 Sean Gordon,2682933.0
Leo Breckenridge,3309225.0
 Peter Ender,256797.0
Michael Purton,5629161.0
 Nithya Menon,3383930.0
 Petri Hawkins Byrd,370257.0
Tom Mariano,1863451.0
Elisabeth Shue,223.0
Tanuja Chandra,151511.0
Athitya,2544395.0
 Michael Greyeyes,340729.0
 Orhan Eskin,2368422.0
Zeki Alasya,16089.0
 Yun-ah Song,1032826.0
 Chibo Jones,11064792.0
Finnegan Oldfield,2028613.0
Erika Linder,7621162.0
 Nicolette Krebitz,470514.0
 Sara Bartkowska,5805721.0
 Amy Cates,5710725.0
 Alan Bernhoft,1480662.0
Heinz Abednego,5513047.0
 Sharon Stone,232.0
Laura Linney,1473.0
 Michael Stuhlbarg,836121.0
 Anna Moore,2618875.0
 Manuel Callau,130335.0
Mike Beaver,64773.0
Aaron J. March,1495210.0
Franco Citti,162948.0
 Kevin Rahm,706716.0
Lars Van der Ploeg,6956677.0
 Keri Russell,5392.0
 Se-Kyung Shin,1651494.0
 Evan Peters,1404239.0
 Carissa Becker,2046620.0
David Brown,9414067.0
Sidney Allison,3453460.0
 Oliver Rosskopf,2067139.0
 Fatma Toptas,2943188.0
 Musetta Vander,888727.0
 Shabnur,1959001.0
 Bodil Jørgensen,433697.0
 Gaël Zaks],1767653.0
 David Carradine,1016.0
Ravi Kishan,457410.0
Matt Palka,3590832.0
 Vinessa Shaw,5416.0
 Li Gong,84.0
Shaghayegh Farahani,267044.0
 Jean Ainslie,14713.0
 Raphaël Personnaz,675521.0
 Jackson Ning,1554944.0
 Elizabeth Anne,4707135.0
Johan Libéreau,1698929.0
Dee Bradley Baker,48389.0
Saeed Nikpoor,1185843.0
 Djimon Hounsou,5023.0
 Mimi Rogers,211.0
Meka Srikanth,9013042.0
Adrian Pang,659373.0
 Beau Bridges,977.0
Vladimir Maysuradze,537929.0
 Yuri Kolokolnikov,7042411.0
 Benjamin Toderi,1649973.0
 Astrid Bergès-Frisbey,2793591.0
 Ryan Hansen,1218621.0
 Terence Stamp,654.0
 John Quinn,703890.0
Greta Scacchi,627.0
 Neha Joshi,4285133.0
 Faisal Al-Ameeri,3939528.0
Jamie Lee Curtis,130.0
 Héctor Alterio,22765.0
José Carabias,135834.0
 Fabian Bains,47803.0
Gino Quilico,703578.0
Leo Fuchs,297249.0
Nick Sommer,3697181.0
 Steve Coogan,176869.0
 Sean Michael Barrett,6895513.0
Akshitha,10484653.0
 Diane Keaton,473.0
Eduardo Verástegui,895150.0
Paul Kaye,443373.0
Kaiser Johnson,3068383.0
 Ørjan Gamst,2505635.0
Tao Zhao,955504.0
Brahmanandam,103977.0
 Stephen Rea,1653.0
 John Billingsley,82517.0
Carl Goldstein,326176.0
Seema Biswas,84443.0
Melissa Azeez,8365597.0
 Penélope Cruz,4851.0
 Sushmita Sen,784047.0
 Kerry Armstrong,35788.0
Jigna Bhardwaj,5598807.0
 Eugene Levy,506405.0
 Christopher Anson,6840324.0
Pham Cuong,9677257.0
 Steef Cuijpers,3494722.0
Carlos Acosta,10172.0
 Sean Tivenan,6165772.0
 Jessica Brown Findlay,3726887.0
Luca Ward,911697.0
Devan],939697.0
 Andrew Colford,6437600.0
 Lucy-Jane Quinlan,4904177.0
 Frances Tomelty,866626.0
Michael Angarano,29400.0
 Marie Avgeropoulos,2955595.0
Himika Akaneya,6569624.0
 Elsa Zylberstein,959113.0
 Trevor Kravitz,5828342.0
Clint Eastwood,142.0
Kunchacko Boban,90283.0
 Te Aho Eketone-Whitu,3725110.0
 Alex Russell,3887625.0
 Matt Bomer,93589.0
 Denise Boutte,1594832.0
 David Banner,1755886.0
 Paradise Ashby,4066994.0
 Adarsh Ayaz,3160536.0
 Adewale Akinnuoye-Agbaje,15382.0
Chris Smith,2166469.0
 Sigrid Burkholder,122021.0
 Animesh Banerjee,9544688.0
Michel Serrault,785664.0
Jennifer Fontaine,284820.0
Jasmine Trinca,872910.0
 Mayur Mahendra Patole,8213255.0
Indrans,1428724.0
 Padmashri Mohammad Ali,9557586.0
 Jeff Geddis,311473.0
Hans Matheson,558548.0
Kirsten Dunst,379.0
Penélope Cruz,4851.0
Sandali Walikanna,9409685.0
 Mutsuo Yoshioka,1970665.0
 Tom Russell,3129126.0
 Boris Isakovic,410667.0
"""Jack OConnell""",1925239.0
 Mary McCormack,5203.0
Tim Matheson,1513.0
Ahmedin Camdzic,1905582.0
Masatoshi Hamada,357263.0
 Bette Davis,12.0
 Carlos Benavides,3724321.0
Pori Moni,7808090.0
ASAP Rocky,5473880.0
 Burt Young,949350.0
 Arielle Kebbel,444223.0
Felicitas Woll,938531.0
Salvatore Esposito,5086277.0
Jason Clarke,164809.0
 Adah Sharma,3153204.0
 Craig Van Hook,3995471.0
Tamara Brinkman,109644.0
 Paula Prentiss,696038.0
 Gillian Jacobs,1843026.0
 Mitchell Nye,2112092.0
Vilma Alcântara,1491980.0
 Steven Mackintosh,533599.0
 Lorena Arancibia,1619431.0
Michael J. Reynolds,721866.0
Meng Ting Yi,8284640.0
 Clare Cameron,2014361.0
 Michelle Monaghan,1157358.0
James Badge Dale,197647.0
Ryûhei Matsuda,559430.0
Darsheel Safary,2594301.0
Zion Clark,9526536.0
Samy Naceri,618651.0
Michael Paré,1595.0
 Miriam Franch,9917071.0
 Aimi Satsukawa,1898396.0
Carey Mulligan,1659547.0
 Ulrich Thomsen,860947.0
Rick Steadman,1942676.0
Sara Rue,749081.0
 Paula Braun,2599442.0
Carol Nguyen],5798162.0
 Chloë Sevigny,1721.0
 Twila Behrends,2013076.0
Valerie Adell,3931394.0
Kevin Connolly,175305.0
Jason Lee,5134.0
Robin Williams,245.0
Matt Tobin,1316814.0
 Daniel Campomenosi,133167.0
Sam Spruell,819874.0
David Koechner,462712.0
" ""Cyril OReilly""",642429.0
 Karin Proia,698528.0
Methee Amornwuthikul,5442370.0
V. Ravichandran,1351624.0
 Cipe Lincovsky,511148.0
 Rayan Ibtesham Chowdhury,4457942.0
Grace Rowe,1451149.0
Elodie Yung,1392388.0
 Jayce Bartok,58983.0
Jake Manley,4889489.0
Barry Pepper,1608.0
Khaled Nabawy,252728.0
 Kentucker Audley,2310589.0
 Erland Josephson,430746.0
Molly Ringwald,208.0
Mark Bennett,71916.0
 David Wissak],936618.0
 Daniel York,948679.0
 Gavin Kelty,447132.0
 Lavanya Tripathi,5194945.0
Nicholas J. Giangiulio,316194.0
 Jack McElhone,1380882.0
 Leelee Sobieski,5447.0
 Takaya Kamikawa,436642.0
Isabelle Adjani,254.0
Drake Bell,68166.0
Heiko Büter,4525328.0
Nikolaj Bæk,5444259.0
 Abel Tripaldi,2048120.0
Alexandru Margineanu,2439144.0
 Soumyajit Majumdar],6700366.0
 Rod Lara,2920806.0
Sean Cw Johnson,426206.0
 Ernst Umhauer,3312875.0
Aubrey Peeples,2874427.0
 Scott Brown,4447552.0
Tom Costello,8030441.0
Kelly Clarkson,1225628.0
Paapa Essiedu,5469396.0
Claes Bang,51903.0
 Jairo Camargo,131254.0
Muhamed Arifi,3428007.0
 Gheorghe Dinica,227708.0
 Andy Serkis,785227.0
 Dheeraj Bishnoi,7508902.0
Carlo Imperato,408251.0
 Jenny Moore,5525876.0
 Kimberly Root,9105098.0
Dougray Scott,779084.0
Anthony Chau-Sang Wong,938893.0
Joe Nicolo,1195753.0
 Manivannan,542478.0
 Janina Gavankar,1232470.0
Ricardo Cepeda,1235142.0
Louanna Lee,4124998.0
Alysson Paradis,1574565.0
 Kanchi Kaul,1481457.0
 Clarissa Grace,10870433.0
 Jerry Ferrara,1483196.0
Ethan Hawke,5540802.0
 Kristy Swanson,1785.0
 Ahmed Salaam Azziz,1886471.0
 Adam Ginsberg,3574535.0
Mahnaz Afshar,1471547.0
Jorge Perugorría,675751.0
 Aaron Le,1350980.0
Tyler Labine,479527.0
 Madeleine Worrall,1002209.0
 Geoffrey Rush,1691.0
 Damon Wayans Jr.,915458.0
Richard Danks,6786967.0
 Priyadarshi],698184.0
 Merab Ninidze,632457.0
 Maia Morgenstern,411581.0
 Dana DeVestern,2911881.0
 Anna Mouglalis,609662.0
Linda Hardy,1080320.0
 Anahita Afshar,3440235.0
 Tôru Emori,256609.0
 Amber Valletta,5520.0
Suleyman Kabaali,4936789.0
 Elzbieta Degutyte,3622810.0
Lik-Sun Fong,1159570.0
 Norberto Gonzalo,327818.0
Balkrishna,3183374.0
 Momo Dione,2023513.0
Suraj Sharma,4139037.0
Charlie Karumi,5709904.0
Chris Chalk,1663252.0
Elizabeth Banks,6969.0
Zbigniew Buczkowski,118840.0
Stephen Salvati,2474123.0
 Elena Ponsova,690557.0
Ian Mude,4708819.0
Tatsuya Gashûin,309107.0
Chahid Abdessalami,2354582.0
Abhay Deol,1867717.0
 Ianis Guerrero,2638243.0
Kareem Lewis,7254711.0
 Tiziana Bagatella,1215810.0
 Navid Mohammadzadeh,5457207.0
 Victor Verhaeghe,894141.0
 Raúl Arévalo,1666855.0
 JoeyStarr,823536.0
 Joe Anderson,1725848.0
Ellen Page,680983.0
 Tricia Anderson,1814393.0
 Mylène Jampanoï,1227864.0
Morjana Alaoui,1662011.0
Jurnee Smollett-Bell,810619.0
 Lisa Friedman,295285.0
 Lindsey Sporrer,4739883.0
 Xiaoming Huang,2119781.0
Fatima Baharmast,6873732.0
 Mania Alijani,8561115.0
Jason Statham,5458.0
Andrew Scott,778831.0
 Willie Bowen,4104642.0
 Vinu Chakravarthy,1678662.0
 Noah Watts,1119997.0
Taylor Sands,1372762.0
 Laila Andersson-Palme,2131918.0
 Allari Naresh,2863651.0
 Garry Shandling,788009.0
Zhen Guo,10997559.0
 Laura Smith Mauldin,7279647.0
 Catherine Keener,1416.0
 Mike Hodge,388087.0
 Joey Krajcar,1423746.0
Bill Allgood,3817632.0
Owen Campbell,3338805.0
Ashley Walters,910180.0
Lillian Adams,11148.0
Kazuo Kitamura,457557.0
 Rebel Wilson,2313103.0
 Nancy Alvarez-Pellegrini,2793713.0
 Kelly Brook,111639.0
 Richard Roxburgh,746896.0
Entis Sutisna,4307999.0
Scarlet Hall,6292380.0
Lindy Ackerman,8757938.0
Behrouz Chahel,8171540.0
Sasha Grey,10644112.0
Shelli Manzolini,6206154.0
Takao Ohsawa,651534.0
 Tillotama Shome,794818.0
Emi Kitagawa,2152689.0
Dieter Laser,489504.0
 Ryan Merriman,581365.0
Gia Carides,137140.0
 Alejandro Hirschfeld,4748551.0
 Carmen Llywelyn,496945.0
Rami Malek,1785339.0
Anton Yelchin,947338.0
Jay Huguley,401132.0
 Alan King,454418.0
 Saniyya Sidney,5181138.0
Will Burke,121902.0
 Geoffrey Bayldon,1933.0
 Dino Abbrescia,8090.0
 Miriam Chin Wah Yeung,1173559.0
Tony Petkovich],6775333.0
Amir Ghafarminsh,5506041.0
Roberto Benigni,905.0
Jeremy Woodworth,5567771.0
Matthew King,455058.0
Alfre Woodard,5569.0
Andrey Emelyanov,2977143.0
John Shamsul Alam,15859.0
 Roger Jackson,413996.0
 Chintara Sukapatana,837701.0
Joko Diaz,1259022.0
 Shû Ehara,247931.0
 Julia Silva,1290439.0
 Anjan Srivastav,820283.0
 Aoi Teshima,2177184.0
 Vanessa Lachey,591373.0
 Cem Aksakal,3251761.0
Ok-bin Kim,1982607.0
Mikhail Efimov,947217.0
 Sriman,1417060.0
 Brad Brough,1075027.0
Hon Chan,1502082.0
Alexandre Bailly,2843513.0
Tom Cullen,3665787.0
 Morgan Marinne,547732.0
 Keki Adhikari,4378385.0
 Tricia Helfer,1065454.0
 Givi Berikashvili,75198.0
Humaid Al-Awadhi,9752179.0
 Chen Yao,3209720.0
John Cleese,92.0
 Will Brittain,4311291.0
Shad Moss,510168.0
 Macka Foley,284190.0
Matthew Archie,9027036.0
 Michael von Au,901908.0
 Heather Graham,1287.0
Sean Penn],576.0
 Aleksey Serebryakov,148516.0
 Viola Davis,205626.0
Jim Chauncheun,1982852.0
 Hunter Tylo,878950.0
 Todd Wynn],3231518.0
 Izak Davel,3219196.0
Chuck Cobb,3151039.0
 Phil Biedron,5110271.0
 Tia Bajpai,4410856.0
 Colin Ross,1405773.0
Shemar Moore,5245.0
Devayani,222266.0
Gino Pizzati,5037079.0
 Alfie Allen,654295.0
Chris Aukett,5281161.0
 Ana Otero,652792.0
 Eva Gamallo,2394261.0
 Danny Gilfeather,2177546.0
 Eduard Fernández,273464.0
Tami Roman,15137.0
 Autumn Dubeau,5041307.0
 Dirk Denoyelle,1716551.0
 Donal Logue,6610.0
Georgina Konsta,3108030.0
Nate Prestidge,3852718.0
Leon Lai,481709.0
 Frank Madigan,7752798.0
 Celyn Jones,427714.0
John Jarratt,418877.0
 Dante Basco,2364.0
 Francisco Rabal,704719.0
Yukie Kawamura,2440398.0
 Lída Baarová,44673.0
Peter Musevski,615652.0
Anna Chancellor,151250.0
 Jaya Bachchan,80149.0
Sigourney Weaver,244.0
 Bo Burnham,3102998.0
Anisur Rahman Milon,3144839.0
Robert Indiana,408513.0
Megumi Hayashibara,370677.0
 Per Scheel Krüger,1272258.0
 Tamara Davies,205765.0
 Yuria Hidaka,2825922.0
"""Taryn ONeill""",993644.0
 Dan Bakkedahl,2045884.0
 Erin Cummings,1423270.0
 Kevin Phillips,2023590.0
 Karin Cherches,9992630.0
Patton Oswalt,652663.0
 Devi Chandana,1871301.0
André Hennicke,377333.0
 Blake Heron,380231.0
Christian McKay,1605114.0
Damián Alcolea,2870563.0
 George Stover,832928.0
 Yoshiyoshi Arakawa,1188493.0
Kayvan Novak,1315378.0
 Ringgo Agus Rahman,2682356.0
 Christina Aguilera,4694.0
Dan Stevens,1405398.0
Klaudia Dudová,6447086.0
Günes Sensoy,7322143.0
Sidhant Gupta,7178570.0
Diana Bologna,2767440.0
 Rei Fujita,2581953.0
Radha Mitchell,593664.0
 Joanna Alexandra,2706594.0
 Hediyeh Tehrani,998142.0
Titanilla Bogdányi,1548235.0
Santos Chagas,3513308.0
 Andrew Garfield,1940449.0
 Taylor Dooley,1731786.0
Jan-Michael Vincent,1821.0
 Nikos Vertis],8367923.0
 Rob Brydon,117339.0
Salman Khan,6795.0
 John Neville,627453.0
 Alessandra Domenici,6324069.0
 Harrison Ford,148.0
Sándor Csányi,190800.0
Tia Chambers,3636596.0
Rachel Nichols,629697.0
 Michael Leo Centi,8860051.0
 Shogou Hama,9548741.0
 Marin Ireland,1677477.0
 Franka Potente,4376.0
Masumi Miyazaki,1185736.0
Steven Chester Prince,697637.0
Aoi Miyazaki,594497.0
Jon Voight,685.0
Marjorie Estiano,1597010.0
 Catherine Dent,8070096.0
 Anita Ekberg,1179.0
 Sasha Pieterse,1199888.0
Joman Chiang,1799342.0
Ali,991810.0
Brock Jones,5590060.0
Frédéric van den Driessche,886125.0
 Haniyeh Faridtalebnia,9915618.0
 Ailidh Mackay,2854564.0
 Saju Kodiyan,1523790.0
 Bethany Fisher,1671231.0
Andy Holt,392374.0
 Yvan Jimenez,10186430.0
 Myeong-hoon Park,3745391.0
William Forsythe,1235.0
 Aaron Ross,1253061.0
Sean Hayes,5003.0
 Arielle Brachfeld,2290733.0
 Cody Kearsley,4181215.0
 Natalie Krill,2087783.0
 Ruby Barnhill,6982717.0
Robert de Hoog,2441158.0
Bora Akkas,1256344.0
 Dinna Olivia,1348433.0
 Maria Bello,4742.0
 James Keane,443856.0
 Jonnie Hurn,1398174.0
Masaki Miura,1459511.0
 Sharad S. Kapoor,2528716.0
Michel Piccoli,681566.0
 Dato Bakhtadze,49079.0
John Bell,2686004.0
Patricio Bedoya,8032497.0
Anna Rizzo,5042825.0
 Ryan Gosling,331516.0
Pål Sverre Hagen,1914298.0
 Pops Fernandez,1036479.0
Michaela McManus,2288842.0
Pallabi Debnath,9662122.0
 Isak Férriz,1929945.0
Nick Holley,4232280.0
 Mike Christopher,2883012.0
Glenn Close,335.0
 Hiroyuki Ikeuchi,407507.0
 Ryan Cooper,5536718.0
Su-Yeon Gu,1973796.0
 Ayu Kitaura,1626086.0
Daniel Alvarado,23143.0
Dermot Mulroney,551.0
 Jennifer Tilly,236.0
 Russell Brand,1258970.0
 Gul Panag,1493836.0
 Larry Bishop,84114.0
 Colton James,416381.0
 Donald Imm,4588213.0
 Anthony Mackie,1107001.0
Eugène Bayala,5737273.0
 Laia Costa,4663937.0
Julio Marambio,4249500.0
Luke Wilson,5561.0
Steven Strait,1711829.0
 Mårten Hagström,5060242.0
Jason Momoa,597388.0
 Morris Chestnut,4820.0
 Peerawit Bunnag,4335615.0
Vivek Kumar,1464393.0
Kailin See,1863717.0
 Giorgia Cardaci,1125469.0
 Lech Dyblik,245612.0
 Mark Ruffalo,749263.0
João Pedro Vaz,2082716.0
Nicholas Alexander,2280518.0
 Pelle Löfstedt,8632547.0
 Tahir Bilgic,1333234.0
 Mallika Sherawat,1324246.0
 Barry Atsma,40038.0
 Jamie Beddard,65966.0
Amol Bagul,9036791.0
 Louie,127373.0
Hoshikawa Minami,5379117.0
Jonah Hill,1706767.0
Paul Schneider,773973.0
 Sathyaraj],766470.0
Dan Christmas,5293424.0
Aaron Bruno,116435.0
Sanjay Suri,839634.0
 Mackenzie Davis,4496875.0
 Devin Mock,7637519.0
 Yilmaz Erdogan,258784.0
 Cameron Bright,1080974.0
 Saimon Sadik,6084492.0
Roman Evdokimov,8041513.0
Bezão,6985205.0
 Mark Ghanimé,2419177.0
Luc Bendazza,8595091.0
 Maddie Hasson,4487976.0
 Christopher Jordan Wallace,3246926.0
 Charan Prabhakar,2320221.0
 Naomi Allisstone,1147611.0
Yuliya Mayarchuk,562214.0
Jon Abrahams,9016.0
Morgan Saylor,2838320.0
Angelica Bridges,4774.0
Christian De Sica,211565.0
 Devon Marcel Clark III,1975849.0
 Eoin Macken,2151126.0
Bipin Karki,6674416.0
Emily Baldoni,2032150.0
Ram Gopal Varma,890060.0
Emma Thompson,668.0
Adam Garcia,305081.0
Anna Bulavina,5573931.0
 Henrique Bersani,4202361.0
 Costumes Krishna,471436.0
 Mark Duplass],243233.0
Aparajita Adhya,3533508.0
Joel Beckett,65695.0
Darío Grandinetti,334882.0
 Holmes Osborne,651660.0
Kaori,1065656.0
 Geraldine Brophy,112397.0
Frances Raines,707049.0
 Alyson Hannigan,4989.0
 Keren Berger,2464346.0
Martin Alcock,5697338.0
Borkety Boyefio,5420218.0
Elle Fanning,1102577.0
 Isabella Ragonese,2431340.0
 Brahmanandam,103977.0
Constance Anderson,1197586.0
Andy Samberg,1676221.0
Chris Hemsworth,1165110.0
 Livia Johnson,5423054.0
Chris Evans,262635.0
 Prithviraj Sukumaran,1335387.0
 Brad Renfro,605.0
Cassidy Jo Fortin],10761999.0
 Ringo Hayden,370793.0
Chris Pflueger,1139191.0
Pauline Acquart,2621785.0
 Yu-ri Sung],1587225.0
 Thunderbird Dinwiddie,227867.0
Whoopi Goldberg,155.0
 Tony Ka Fai Leung,504899.0
Toni Servillo],785842.0
 Russell Crowe,128.0
 Ali Tutal,1325141.0
 Vana Foka,4204658.0
Krysta Rodriguez,3106253.0
Elli,8083414.0
Branden Nadon,1050287.0
 Jason Davis,204771.0
 Eesha Rebba,5896361.0
 Doug Bollinger,1317662.0
 Charlene Choi,1218953.0
 Vivica A. Fox,407.0
 Ryan Brewer,5475909.0
 Rob Maxey,1005576.0
Joe Estevez,261724.0
 Matt Ryan,1790682.0
Koki Uchiyama,2146022.0
Naomi Akimoto,962476.0
 Saori Hayami,2977461.0
 My Uyên Ngô,4684844.0
Jessica Rothe,1557329.0
 Linara Washington,1555781.0
 Rya Meyers,3350744.0
 Bijay Anand,1261907.0
Anthony Sherritt,1253206.0
Farrah Mackenzie,5008863.0
 Srinath Maddumage,6662807.0
 Yoshiko Miyazaki,594523.0
Miguel Ascenzo,7286585.0
Brandy Specks,8148093.0
 Frank González,1565160.0
 Michaël Cohen,169621.0
 Chris Marquette,549815.0
 Mooney,316145.0
Steven Dean Davis,1721157.0
 Michael Bailey Smith,809344.0
Simon Armstrong,1409802.0
Lenka Vlasáková,900653.0
" ""Mark ONeal""",2852393.0
 Fredrika Byman-Moberg,9035099.0
 Jeff F. Renfro,719501.0
Adam Syron,5423636.0
 Devin Fabry,6477291.0
Man e Kerr,6034231.0
 Linda Fiorentino,400.0
Paul Muni,612847.0
 Joseph Gordon-Levitt,330687.0
Sullivan Stapleton,822982.0
 Boti Bliss,88502.0
Katie Maguire,2327927.0
 Ron Francis,1373938.0
Mathilda Paradeiser,4288659.0
Mark Aisbett,14820.0
 Claire Foy,2946516.0
 Ehsan Amani,1538053.0
Kerim Afsar,12762.0
 Rekha Vedavyasa,1516918.0
 Imre Csuja,190775.0
 Laila,1696817.0
 Walter Raney,1063878.0
 Petchtai Wongkamlao,1002207.0
 Felipe Botero,2367051.0
Laura Berlin,3546045.0
Ryan Whitney Newman,1707018.0
 Fiona Dourif,1875040.0
 Freddy Rodríguez,135585.0
Jung-jae Lee,497631.0
 Tara Lynne Barr,1827469.0
 Willem Dafoe,353.0
Alexandra MacDonald,1239813.0
"""Jerry OConnell""",5278.0
 Gianne Albertoni,1000294.0
 Rajasekhar,707362.0
Katie Richey,4176801.0
 Brenda Romero,2107890.0
 Natalie Barton,5506067.0
Ouardia Ould Taleb,3777061.0
Anatoli Grigoriadou,2793527.0
Ann Bell,68029.0
 Miguel del Sel,215913.0
"""OShea Jackson Jr.""",6578009.0
Heikki Kinnunen,455797.0
Bùi Bài Bình,119606.0
 Maroussia Dubreuil,1346056.0
Toby Stephens,827170.0
 Aimee King,2796543.0
 Douglas Bennett,71726.0
 Moshe Ashkenazi,5031088.0
 Kevin Zegers,954225.0
Amy Seimetz,1541272.0
Paul Hogan,1357.0
 Ronja Mannov Olesen,1356078.0
 Haneyuri,3192365.0
 Artem Mishin,3175916.0
Jack Kilmer,5451410.0
 Revathy,720763.0
 Arjun Kalyan,7106937.0
 Terry Pheto,1965907.0
"""Chris ODonnell""",563.0
Donald May,561928.0
William Mapother,544611.0
 Richard Graham,334262.0
 Marisol Nichols,
 Togo Igawa,407033.0
Russell Ferrier,274819.0
Steve Hofmeyr,389417.0
Aaron Hildebrand,383828.0
 Susanna Thompson,860749.0
 Eric Bauza,3200607.0
 Ving Rhames,609.0
Gilles Gaston-Dreyfus,309469.0
 Kevin Sorbo,1757.0
Ben Kingsley,1426.0
 Alex Kendrick,1731937.0
Anna Faris,267506.0
 Matthew Ashforde,38942.0
 Haley Joel Osment,5286.0
Peter Appel,32216.0
Ji-won Ha,351710.0
Nazari Nabil,8554589.0
Chris Rock,1674.0
Joel Lützow,3710645.0
Ljubomir Bulajic,4099864.0
Vino G. Bastian,2534580.0
 Ali Sivandi,6306907.0
 Tommy Yuen,2112073.0
 Caleb Verzyden,2859141.0
Vivian Hsu,398852.0
Hiroki Iwatani,4811580.0
Kokone Sasaki,5151412.0
Merveille Lukeba,2742529.0
 Gene Jenney,2980241.0
 Peter Stebbings,824220.0
 Ethan McDowell,2745208.0
 Pierre Boulanger,1227027.0
Mikaal,4345279.0
 Priya Annatram,5130348.0
 Kelsey Ashby-Middleton,6223159.0
George Hamilton IV,357698.0
 María Botto,98710.0
 Sierra Boggess,2852199.0
 Natalie Bonner,4962303.0
 Siobhan Murphy,2377551.0
 Rishi Kapoor,438501.0
 DJ Qualls,702809.0
 Gordon Casell,143279.0
 Stefan Larsson,489279.0
So-Ri Moon,600668.0
 Caroline Althaus,1212380.0
David Wesley Cooper,1249372.0
 Cali,4754115.0
 Dante Pereira-Olson,7159554.0
Tate Donovan,4883.0
 Etsushi Toyokawa,870317.0
 Elisha Cuthbert,193846.0
 Bertan Colaker,3586529.0
 Bojan Navojec,623126.0
Imelda Staunton,1767.0
 Yui Natsukawa,622407.0
 Samuel L. Jackson,168.0
Sean Connery,125.0
Simone Anderson,6330735.0
Mohan Agashe,12881.0
 Christopher Sean,1268478.0
 Jack Black,85312.0
Ángel Salazar,757774.0
 Cornel Wilde,664273.0
Greg Maness,2976887.0
 Marsha Thomason,859720.0
 Christen Orr,5114585.0
Randy Jones,429063.0
Abimael Gonzalez,5041179.0
 Sofia Lee,3211450.0
 Sophie Lowe,2998321.0
Bryn Berg,7579937.0
 Marco Alcaraz,1700610.0
Sverrir Gudnason,345695.0
Ian Ziering,5575.0
 Kristen Stewart,829576.0
 John Patrick Amedori,24511.0
 Vanessa Kerfoot,1484088.0
 Eiza González,2555462.0
Niranjan Shetty,5852500.0
Mary-Kate Olsen,1581.0
 Christina Ricci,207.0
 Pamela Ludwig,525041.0
Melanie Ryan,3265736.0
 Delhi Ganesh,304265.0
 Anne Day-Jones,206635.0
Dax Shepard,1009277.0
 Krishna Bhagavan,1223449.0
Dominique Pinon,684500.0
Anuya Bhagwat,2967328.0
 Guillaume Baillargeon,2968773.0
 Brad Pitt,93.0
Lily-Rose Depp,6675440.0
Amelia Chen,4406600.0
Takeshi Kaneshiro,437580.0
 Kevin Spacey,228.0
 Peggy Schott,4585686.0
 Steve Martin,188.0
Arindam Roy,3373549.0
 Paul Higgins,383467.0
 Khaled Al-Buraiki,6666749.0
Olaf Lubaszenko,523821.0
 Suki Schorer],1032564.0
 Menelaos Haralambidis,10817346.0
 Anita Krausová,3511541.0
David Serero,3424386.0
 Won Seo,1117033.0
 Kaitlin Arnold,6330795.0
 Arda Akici],8956359.0
 Patricia Hodges,388203.0
 Shawn I. Chevalier,2706945.0
 Marco Barzotti,5640021.0
 Raghuvaran,706499.0
 Juan Diego Botto,98709.0
 Pascal Légitimus,529591.0
" ""Becky ODonohue""",1659558.0
Lauren Bittner,1584283.0
Ye Liu,1091782.0
 Gorô Kishitani,457240.0
 Isaure Multrier,9860914.0
Liam Hemsworth,2955013.0
Daniel Tay,1307735.0
Aaron Poole,690803.0
Dakota Blue Richards,2301950.0
Christian Slater,225.0
 Yiftach Kaminer,5896786.0
 Kat Dennings,993507.0
Veena Jayakody,419660.0
 Kazuaki Kubo,1871682.0
 Mike Barry,2941457.0
 Steve Galley,4120152.0
 Jesse Eisenberg,251986.0
 Shakuntala Barua,1397299.0
Andie MacDowell,510.0
 James Fox,289038.0
 Pedapati Venkata Ramana Murthy,5822362.0
 Tabu,7102.0
Akshay Kumar,474774.0
 Mark Wahlberg,242.0
Noriko Sakai,757015.0
Juliana Palermo,1398832.0
 Batuhan Levent,2494833.0
 Jeanette Hain,354198.0
Russell Crowe,128.0
 Monica,36571.0
 Rob Darren,3681891.0
 Sharon Leal,495095.0
Teri Garr,414.0
 Toby Jones,429363.0
Antonio Ciurca,2678291.0
Michael Beck,65235.0
 Natalie Britton,3220515.0
Kimberly Harsch,2727540.0
 Jake Lloyd,5157.0
 Isaiah Washington,913460.0
 Cary Elwes,144.0
 Christopher Lloyd,502.0
 Qi Shu,795517.0
 Til Schweiger,1709.0
Bernard Campan,132064.0
 Tanveer K. Atwal,1470128.0
 Sarah Rubin,6201567.0
Suzanne Reuter,720699.0
Anna Mouglalis,609662.0
 Roy Nik,5067820.0
Katherine Heigl,1337.0
 Vladislav Abashin,3287361.0
 Adam Lamberg,483047.0
 Myke Holmes,3561432.0
Casper Van Dien,680.0
Adam Driver,3485845.0
Henry Goodman,329094.0
 Janey Robideau,5604433.0
Kai Wiesinger,927641.0
Luis Callejo,130429.0
 Lloyd Owen,654197.0
 Derek Jeter,1157013.0
 Julie Andrews,267.0
 Pablo Carbonell,136198.0
Florin Piersic Jr.,682725.0
Jiayi Du,2376909.0
 Lena Headey,372176.0
 Laura Morante,603090.0
 Brit Shaw,1787921.0
 Madeline Weinstein,7187575.0
 Arak Amornsupasiri,2876934.0
 Bryshere Y. Gray,7005977.0
 Craig Jordan,2111571.0
Hyang-gi Kim,3676100.0
 Timothée Chalamet,3154303.0
 Ana López Mercado,1004635.0
 Cynthia Quiles,2701529.0
Stevie Guttman,2059065.0
Elizabeth Ashley,39051.0
 Leonardo Alonso,2861211.0
 Anna Gevorgyan,5951178.0
 Rachael Blake,86697.0
Seann William Scott,5405.0
 James Murray,615025.0
 Christian Alsis,2706789.0
 Anya Taylor-Joy,5896355.0
 Laine Megaw,2565.0
Tim Sprigg,5075316.0
 Courtney Lopez,3862029.0
Ralph Fiennes,146.0
Akbar,4259225.0
 Levi Miller,5920962.0
 Michael Rosenbaum,742146.0
 Ben Affleck,255.0
 Florence Briones,5675305.0
Michael Baderschneider,46064.0
Andrew Philpot,57314.0
Robert Tye,4389278.0
Akasha Villalobos,3413730.0
Tye Banks,2570760.0
 Kirsty Mitchell,593511.0
Baju Nakani,4346663.0
Jonathan Jarvel,9097129.0
Pierce Brosnan,112.0
Shirin Akhlaghi,8156393.0
Cat Ly,1837638.0
Mathias Wieman,927436.0
Analeigh Tipton,3006818.0
Jason Priestley,594.0
Ashton Kutcher,5110.0
 Brittany Daniel,199590.0
 Brendan Fraser,409.0
Judi Dench,1132.0
Bjørn Sundquist,839209.0
 Jaymie Valentine,3098813.0
 Terry Serio,785203.0
Kevin Weisman,918858.0
 Kashish,5671648.0
 Albert Tsai,5294965.0
 Stacy Keach,5078.0
 David Kopp,465831.0
Karen Abercrombie,1620433.0
 Ji-Hyun Jun,432428.0
Michael J. Fox,150.0
Anthony Anderson,26364.0
Carlos Amezcua,24782.0
 Whitney Able,2016345.0
 Reen Vogel,7424844.0
Kwesi Ameyaw,24780.0
Tye Sheridan,4446467.0
 Angela Bassett,291.0
Martin Short,1737.0
 Christiana Minga,2583808.0
 Kristen Wilson,933723.0
 Miranda July,432380.0
 Sela Ward,688.0
Anthony Gonzalez,5645519.0
 Sarieda Kamilo],8776269.0
 Kamal Sharma,788879.0
 Kenlyn Kanouse,2796793.0
Ivan Shakhnazarov],7452708.0
Minami Aoyama,1855665.0
 Isaak Dentler,2048065.0
 Eric Stonestreet,832314.0
Eric Lively,515123.0
 Josh Hyman,3461074.0
Nawaz Anjum,2541273.0
Max von Sydow,1884.0
Usha Bhandary,8918479.0
 Gina Bernard Forbes,2825905.0
 Alice Hiu,6272059.0
 Daniel Brühl,117709.0
Claudette Centeno,2013763.0
Charles Moore,601023.0
Luke de Lacey,209457.0
 Laura Banks,52195.0
 Björn Almroth,1453861.0
Joey Lawrence,5129.0
 Misa Wada,6097695.0
 Amanda Crew,1468739.0
 John Hannah,1314.0
 John Lithgow,1475.0
 Laxmi Rai,4903478.0
 Matt Dillon,369.0
Yizhi Geng,9742243.0
Aadhav Kannadasan,6442104.0
 Neska Arbus,8769414.0
 Gohar Kheirandish,451574.0
Michelle Rodriguez,735442.0
Keisha Castle-Hughes,1095720.0
 Reg Rogers,737138.0
" ""Junichi Okada""",645411.0
Kevin Durand,243806.0
 Max Eigenmann,3811421.0
 Noah Segan,781913.0
Huáscar Barradas,2383110.0
Aimé Claeys,9400914.0
 Paula Patton,1745736.0
 David Strathairn,657.0
Robert J. Escandon,4553395.0
 Jeff Daniels,1099.0
 Teresa Loyzaga,523500.0
 Eugenia Capizzano,1313863.0
Jason Beghe,892.0
 Rade Serbedzija,784884.0
 Audrey Tautou,851582.0
 Svetlana Antonova,1798969.0
Jim Moret,604272.0
 Giovanni Storti,320495.0
Ferda Amin,8431229.0
Lucas Till,1395771.0
 Toni Gonzaga,1373129.0
" ""Alex OLoughlin""",1533927.0
Abby Abadi,7618.0
Danielle Harris,364583.0
Bobita,6150259.0
Roselyn Sanchez,761052.0
Alicia Silverstone,224.0
Chavetaro Ishizaki,4024850.0
Derek Disch,1894772.0
 Rosa Anzaldua,1832088.0
Charles Chaplin,122.0
Andrea James,2092175.0
Betsy Palmer,658133.0
 James Cosmo,181920.0
 Anne Watanabe,3174747.0
 Sandhmitra Sagrika,2350885.0
 James Cromwell,342.0
Man Chi Chan,1328907.0
Richard Attenborough,277.0
 Dermot Crowley,189720.0
Michael Ealy,1013003.0
 Jackie Chan,329.0
 Kayla Servi,5236664.0
 Jaiden Kaine,4005031.0
 Olga Kurylenko,1385871.0
Munro Chambers,1089325.0
David Galano,5937072.0
Reese Witherspoon,702.0
 Molly Harmon,4303322.0
"""Junichi Kômoto""",3070625.0
Tchéky Karyo,1409.0
 Kenji Kohashi,463188.0
 Ben Abelsma,10271429.0
Benjamin Rigby,4430268.0
Topher Grace,333410.0
 Saki Takaoka,847356.0
Francesca Faiella,2282463.0
Jase Haber],1722538.0
 Jacob Vargas,889846.0
Santosh Juvekar,3001807.0
 Lauren Ashley Carter,3354777.0
Jennifer Alden,1124005.0
Maudy Ayunda,3745028.0
Molly Breen,3546483.0
Mayliss Salles,6327122.0
 Sekendar Ali,8883342.0
Marilissa Garcia,10186429.0
Shidô Nakamura,1217394.0
 Julia Sporre,3524025.0
 Anja Bourdais,2549708.0
 Marcia Gay Harden,1315.0
 Jake Short,2932097.0
Freida Pinto,2951768.0
 Kathryn Newton,1105980.0
 Jean Anderson,26876.0
Ryan McCluskey,1011675.0
 Michael Jaworski,10116570.0
Sheryl Sheinafia,4246356.0
Jacqueline Obradors,5283.0
David Haysom,371671.0
Calvin Reeder,2015221.0
 Mirei Kyôno,8682206.0
Martin Clunes,167340.0
 Christian Berkel,75321.0
 Carmen Electra,1182.0
 Waad Mohammed,5179652.0
 Kate Winslet,701.0
 Argiris Thanasoulas,1347616.0
 Ralph Ineson,408591.0
Alice Foulcher,3783488.0
 G.B. Zoot Money,597942.0
Kôji Yakusho,945131.0
 Simon Callow,1003.0
Brandon Routh,746125.0
 Agnes Moorehead,1547.0
Beverle Bloch,5714348.0
 Jessica Hynes,828961.0
 Amelia Beau Kaldor,3232666.0
Patrick Hussion,4250467.0
Don Cheadle,332.0
 Patricia Breslin,107746.0
 Yu Hao,5356152.0
 Regina Iskandarova,4811499.0
Nathan Lane,1447.0
 January Jones,5064.0
Janieck van de Polder,1747953.0
 Stephen Lang,2332.0
 Julian Dennison,5421877.0
 Morning Tzu-Yi Mo,594910.0
Jonathan D. Mellor,3536229.0
 Illeana Douglas,1152.0
Gene Hackman,432.0
Bryson Brown,3827215.0
Chaney Kley,1015096.0
Etsuko Kozakura,468802.0
Mehdi Lotfi,1065884.0
 Yen Santos,4039466.0
 Barry Corbin,179224.0
 Claire Wikholm,927995.0
Sushmita Sen,784047.0
 Sam Qualiana,2713500.0
Ayako Fujitani,297858.0
Amit Sharma,2279430.0
 Oscar Steer,3489031.0
 Bill Skarsgård,803889.0
 Alexander Haugg,369329.0
 Rockmond Dunbar,241870.0
Boris Kodjoe,462673.0
Kazuya Kamenashi,436549.0
 Randy Corman,3244817.0
Søren Pilmark,683587.0
 Darwin Joston,430944.0
Afiea Nusrat Barsha,5822056.0
Emraan Hashmi,1431656.0
 Anthony Dillingham,7514183.0
Julia Becker,2273753.0
Chase Ellison,255175.0
Melanie Calderwood,2101311.0
Joseph Morgan,604784.0
Sarah Boyd,101908.0
 Rajat Kapoor,438494.0
Ken Ogata,644523.0
 Oksana Sarabakha,4967672.0
 Anastasia Hille,384826.0
Siam Yu,3071852.0
 Razvan Enciu,7299158.0
 James Blackwell,85917.0
 Jakob Bokulich,1721764.0
Johan Heldenbergh,374949.0
 Kajol,4418.0
Alvin Anson,1207895.0
Enzo Cilenti,162281.0
 John Thomson,861027.0
Tierra Abbott,1265068.0
 Mauricio Astorga,7718918.0
 Anu Choudhury,3228732.0
 Vrajesh Hirjee,
 Justine Ferrer,3571828.0
Daveigh Chase,153738.0
 Eva van der Gucht,345587.0
 Yûko Date,4977238.0
Michael Rose,741580.0
Philippe Vallois,885188.0
 Miki Yoshii,9986455.0
 Dominic Purcell,700712.0
Jeffrey Quizon,1035919.0
Jennifer Beals,884.0
Lowri Gwynne,3558878.0
 Dhea Ananda,2715911.0
Deborah Secco,781115.0
 Jason Clarke,164809.0
 Romin Khan,5386780.0
 Alexis Bledel,88127.0
Susie Porter,692305.0
Katsunori Takahashi,847138.0
Liv Alexander,3683352.0
Nandamuri Balakrishna,49395.0
 Martin Hewitt,382063.0
Matvey Lykov,6789414.0
Richard Briers,1972.0
 Jillian Bell,3255459.0
Evgeniya Dobrovolskaya,229829.0
Demi Lovato,1416215.0
 Stark Sands,1197466.0
 Tom Stevens,3335453.0
 Carla Galvão,1919216.0
 Min-Jung Kim,453609.0
 Arisa Komiya,4571370.0
Colin Ford,1225406.0
 Kim Jee-Young,1048199.0
Joel Dickerson,3299647.0
Alexis Nichole Smith,3473321.0
 Gary M. Iskak,1244898.0
Pahlav Bharucha,8707411.0
 Xiao He],4333092.0
 Ian Kelly,87974.0
 Martin DuPlessis,4151613.0
Chelcie Ross,743304.0
Andreas Anke,30148.0
 Dominique Reymond,721469.0
 Jerry Orbach,1583.0
Steven Robertson,1017414.0
Lauren Ambrose,24404.0
 Toni Collette,1057.0
Tin Chan,10541735.0
 Sangeetha,762660.0
Tomori Abe,4944118.0
Eddie Redmayne,1519666.0
Julia Benzinger,5653146.0
Halle Berry,932.0
 Emilio Edwards,2576971.0
 Joan Chen,1040.0
 Rob Corddry,1117791.0
Doug Moore,11059850.0
Christoph Waltz,910607.0
 Samuel Vauramo,1576916.0
Seung-Yun Lee,1165901.0
Nick Mancuso,541576.0
 Steven Bakker,4588675.0
 Eric Chandler,4134868.0
 Simon Yam,945189.0
 Patrick Dempsey,1131.0
 Tim Sullivan,838374.0
Javier Cámara,194572.0
 Yoval Rahav,5115505.0
 Lauren Lee,2503748.0
 Niles Duhon,5726532.0
 Jessica Boone,1365209.0
 Bivas Biswas,1641963.0
Hadi Dibaji,4433049.0
César Troncoso,1204465.0
 Bose Venkat],3163756.0
 Krystal Brock,3576544.0
 Bruce Altman,22883.0
Indah Permatasari,4176504.0
 Shawn Wayans,915465.0
 Jan Rubes,747962.0
 Ashok Asrani,1693122.0
Adriano Celentano,147983.0
 Mitsuko Baishô,47963.0
 Roger Allam,19885.0
Sujan Mukherjee,611568.0
 Drew Seeley,1192060.0
George MacKay,1126657.0
Ro Dempsey,1275336.0
Tom Hardy,362766.0
 Heidi Anderson-Swan,26798.0
Joshua Jackson,5045.0
Emily Blunt,1289434.0
 Gary Schwartz,777229.0
 Mayra Africano,1332966.0
 Jessica Chastain,1567113.0
 Billy Crystal,345.0
Eddie Griffin,341176.0
 Ulrich Tukur,876300.0
 Yûichirô Nakayama,2379631.0
Flora Martínez,555101.0
 Jai,1556399.0
 Patrick McCarty,5130886.0
 Nioka Brennan,4783664.0
 Anshul Chauhan,9175747.0
 Ben Rosenfield,4101208.0
 Marley Shelton,5420.0
 Kelly Macdonald,531808.0
 Roya Taymourian,1249246.0
Mohammad Babaea,9492946.0
 John Leguizamo,491.0
 Dakota Fanning,266824.0
 Steve Smith,810019.0
Lukas Schwarz,5835039.0
Diganth,3261450.0
 Austin Nichols,629538.0
 Rie Miyazawa,594533.0
 Mary Steenburgen,5460.0
Edita Uzaite,1847502.0
Gary Sinise,641.0
 Christian Kerepeszki,2315906.0
Eili Harboe,4888033.0
Thomas Mann,3287038.0
 Federico Palmieri,5516131.0
 David Kang,7468042.0
 Kalpana Bhattarai,9034596.0
Moritz Bleibtreu,1953.0
 Daniel Baldwin,838.0
 Anna Friel,295484.0
 Matt Damon,354.0
Hülya Avsar,43362.0
 Sándor Gáspár,350673.0
Marialejandra Martin,552737.0
Coralie Revel,720776.0
 Annette Wozniak,5545145.0
Catherine Chau,2412978.0
Bob Bozek,2710153.0
Adonis He,11034747.0
Onni Tommila,2762369.0
 Maksim Averin,42971.0
Matthew Baltar,7026807.0
 Mark Letheren,504675.0
Yûma Ishigaki,410951.0
Joseph Mazzello,1515.0
Teal Jandrain,3245752.0
Roya Taymourian,1249246.0
 Julie Ferrier,1922676.0
Roong Suriya,1335884.0
 Joe Born,1992981.0
 Markus Klampfer,4512571.0
 Sarah Bentley,5417581.0
 Michelle Forbes,405.0
Carly Pope,5318.0
 Javier Lombardo,1030946.0
 Samuel Fröler,297076.0
 Angie Harmon,4990.0
Angela Gheorghiu,315636.0
Taylor Cole,1543157.0
Becky,3121384.0
 Crescêncio Brito,4265716.0
Gurleen Chopra,1304469.0
Marilyn Burns,122782.0
Tanveer,5928991.0
 Angelina Danielle Cama,7349310.0
 Herbert Bautista,1052132.0
Jason Watkins,914327.0
Piyush Mishra,592795.0
 José Ayala,2073510.0
 Sridhar Naana,7156072.0
 George Clooney,123.0
Ron Eldard,253035.0
 Joe Dunckley,242359.0
 Angus Macfadyen,5171.0
James Gandolfini,1254.0
 Carlinhos Brown,113198.0
 Eduardo Yáñez,951278.0
 Elyes Gabel,1175468.0
 Yat Ning Chan,1225348.0
Melissa Leo,502425.0
Stephanie Sigman,2362713.0
 Sofía Gala,1078686.0
 Martin Berghammer,5635140.0
In-Sung Jo,1251770.0
Angelina Leigh],3374833.0
 Michael Doneger,3603758.0
Henry B. Walthall,910400.0
Tiffany Dupont,1520988.0
 Rupert Friend,1670029.0
 Enrique Arreola,1593379.0
Adel Emam,408054.0
 Kenneth Welsh,920564.0
 Murilo Rosa,740856.0
Kitana Kiki Rodriguez,6702770.0
 J.K. Simmons,799777.0
Nikki Reed,1223023.0
 Georgie Henley,1670137.0
Kishori Ambiye,1333017.0
 Themis Bazaka,63274.0
Keira Knightley,461136.0
 Jon Morrison,607201.0
 Cody McMains,573097.0
Amanda Schull,776040.0
 Ninon Gauthier,310305.0
Georges Corraface,4248.0
Orna Guralnik,10911688.0
 Tom Nagel,619295.0
 Megan Palinkas,3233286.0
Cuba Gooding Jr.,421.0
Navgata Antra,2352100.0
 Canyon Prince,1111796.0
Jai Courtney,2541974.0
 Audie Murphy,1559.0
Jose Maria Landi,5304513.0
 Nagore Aranburu,1084844.0
 Tim McGraw,5210.0
 Mone Kamishiraishi,4759838.0
 Lucio Hernández,3014533.0
 Jessie Buckley,2976580.0
 Cécile de France,208426.0
Charles Klausmeyer,454560.0
Hayden Currie,8684911.0
Tom Atkins,40662.0
 Desmond Harrington,4993.0
 Martene Fallacaro,1742811.0
 Chen Chang,151654.0
Nathan Baesel,1519453.0
 Rory Culkin,191412.0
 Rebecca Romijn,5381.0
 Lisa Arnold,36537.0
 Macha Grenon,340284.0
Javier Bardem,849.0
 Mariya Mironova,592499.0
 Neeral Mulchandani,2196217.0
Nathan Fillion,277213.0
Santhana Bharathi,80248.0
 Devon Bostick,1256602.0
Penelope Allen,20897.0
Tom Green,338381.0
 Barsa Priyadarshini,3396510.0
 Matthew Broderick,111.0
Alberto Reyes,1642653.0
Juan Diego,225921.0
 Linda Almanza,3790204.0
Humphrey Bogart,7.0
Steve Zahn,1872.0
Leonie Charlotte Adam,7072305.0
 Manolo Cardona,136572.0
 Ed Begley Jr.,893.0
Reese Mishler,3790547.0
 Khursheed Khan,1363754.0
Joana Botelho,1627980.0
Froilan Betancor,8679776.0
 Fisayo Akinade,6160535.0
Allen Yates,2118445.0
Jean-Claude Van Damme,241.0
Kate Lock,516693.0
Carine Bauwens,9699234.0
Igal Naor,620981.0
 Laurie Metcalf,582418.0
Eduardo Noriega,635330.0
Eleonore Hendricks,376720.0
 Juliette Lewis,496.0
 Charlotte Ray Rosenberg,1659579.0
Paddy Considine,175916.0
 Leonid Mozgovoy,610593.0
 John Dye,4891.0
 Tara Strong,152839.0
Navin Nischol,632615.0
 Roseanne Barr,1683.0
 Lewis McGibbon,1375797.0
 Stephen Hanthorn,4626316.0
Scott Ryan,1938432.0
 Paolo Rivero,1218803.0
Serge Riaboukine,722657.0
Adam Chubbuck,1076235.0
Christopher Shyer,796125.0
Joan Allen,260.0
Richard Gere,152.0
Busy Philipps,5311.0
Daniel Kaluuya,2257207.0
 Anil Kapoor,438463.0
 Michaela Conlin,174819.0
Katie Chang,4583512.0
Ji-Soo Park,5390392.0
Saif Ali Khan,451307.0
Jon Favreau,269463.0
Robert Boulter,1674889.0
Guy Pearce,1602.0
 Mel Novak,636893.0
Akbulut Yunus],7395981.0
 Shahab Hosseini,1486911.0
 Marlon Vasgavi,4099587.0
 Fernanda Dorogi,2064726.0
 Elena Giusti,2467792.0
 Sayed Badreya,46223.0
Melissa Fitzgerald,280330.0
 Celine Filion,3808488.0
 Josh Hartnett,1326.0
 Kayla Carlisle,8234411.0
 Shana Dowdeswell,1699328.0
 Michael Clarke Duncan,3817.0
Camilla Jackson,2180928.0
 Tasha de Vasconcelos,212046.0
Blanchard Ryan,752436.0
 Tony Shalhoub,1724.0
 Giacomo Battaglia,1424330.0
 Karolina Gorczyca,2848081.0
Channing Tatum,1475594.0
 Ankita Bambulkar,11050206.0
Scott Adsit,12523.0
 Rafael Freire,8795821.0
 Malik Zidi,956026.0
 Blaire Kimball,5158494.0
 Hye-jeong Kang,1367246.0
Hotaru Akane,5540171.0
Moon-hee Na,618520.0
Michael Harring,2320312.0
 Lindsay Coffelt,4035586.0
Nanni Moretti,604335.0
Yuliya Peresild,2099738.0
 Herman Lindqvist,1114566.0
 Milton Gonçalves,328604.0
 Jose Santiago,2824331.0
Eddie Garcia,305182.0
 Hank Harris,364744.0
 Lisa Berry,2484864.0
Victoria Justice,1842439.0
Dane Cook,176981.0
 Aaron Wan,1555231.0
Ryô Hashizume,1874529.0
 Vina Morales,602784.0
 John Edel,3558360.0
Marcela Mar,306622.0
 Amitabh Bachchan,821.0
Ye-jin Son,1162030.0
 Yang Li,1317258.0
Vigdis Anholt,1231370.0
Candis Cayne,147307.0
" ""Kenichi Matsuyama""",1947564.0
Oscar Isaac,1209966.0
Alfonso Herrera,1270781.0
Charly Clive,7163261.0
Nikolaj Coster-Waldau,182666.0
 Yasiin Bey,80049.0
Gabe Nevins,2437336.0
 Golden Brooks,112001.0
Robert Jon Mello,9501548.0
Ritwick Chakraborty,3368782.0
 Jeff Sloniker,2448324.0
 Bruce Bundy,4190172.0
Takeshi Kitano,1429.0
Aïssa Maïga,563740.0
 Kevin Bacon,102.0
 Keanu Reeves,206.0
Altus Theart,3067673.0
 Harris Yulin,950867.0
Jon Michael Davis,2788999.0
 Aris Servetalis,1160306.0
 Jane Froiland,2581795.0
Diane Keaton,473.0
 Jonas Armstrong,1765073.0
 Diti,4525762.0
 Michael Vartan,890232.0
Bradley Cooper,177896.0
Rajkumar Thakuriya],5612744.0
Artyom Bystrov,4536795.0
Cameron Douglas,234979.0
Soham Chakraborty,2597881.0
 Pablo De Nito],1194265.0
 Katharina Böhm,127041.0
 Damian de Montemas,210407.0
Anna Booraem,4936324.0
 Annabella Piugattuk,1266776.0
 Hitomi Satô,766212.0
Simon Boisvert,92419.0
Charles Baker,1889973.0
Atul Kulkarni,474609.0
 Sonia Benito,10216463.0
Jeremy Dozier,3309176.0
Alejandro Salomon,2336903.0
Greg Andrews,2213774.0
Ashley Tisdale,864308.0
 Kappei Yamaguchi,945322.0
 Glenn Morshower,607703.0
Ana Moreira,603502.0
Andrew Baack,4102619.0
William Brent,2598945.0
Patrick Renna,719606.0
Sebastian Stan,1659221.0
 Shaleen Surtie-Richards,839741.0
Ahmed el-Sakka,1012570.0
Patrick Swayze,664.0
 Jennifer Aniston,98.0
Summer Glau,1132359.0
 Joe Hall,355733.0
 Jörgen Liik,6241625.0
"""Kieran OBrien""",639659.0
 Matthew Zuk,2832703.0
 Rajesh Sabharwal],2097312.0
Paloma Hurtado,403743.0
 Riri Kôda,2884462.0
Susan Sarandon,215.0
Maaike Cafmeyer,1445157.0
 Arun Badsavle,1568778.0
Gee Alexander,3699149.0
Fabio Troiano,873365.0
Marinko Prga,696732.0
 In-Sung Jo,1251770.0
 Leslie Mann,5182.0
 Keston John,1929609.0
Ty Burrell,123092.0
Bruce Taylor,852073.0
Dana Delany,1127.0
Darshan Thoogudeep,3131753.0
 Oleg Yankovskiy,946160.0
 Erika Bók,126969.0
 Kareena Kapoor,4626.0
 Joey Lauren Adams,725.0
David Gattis,6411070.0
Eliza Coupe,2255288.0
 Ingrid Jungermann,1742910.0
 Willie Laureano,1181713.0
Tetta Sugimoto,837501.0
 Abhishek Bachchan,45393.0
 Leo Bucio,2604898.0
 Fabianne Therese,4211652.0
 Nele Allaert,2350019.0
Christopher Lee,489.0
Ko Aoki,4584099.0
 Julio Cesar Cedillo,147814.0
 Chris Sanders,761498.0
 Edward Herrmann,1346.0
 Sissy Spacek,651.0
Fred MacMurray,534045.0
 Gemma Chan,2110418.0
 Hannah Emily Anderson,5557932.0
 Rachael Taylor,1592225.0
Madeleine West,922210.0
 Laurence Leboeuf,495799.0
Tahar Rahim,2588665.0
 Brad Swaile,841448.0
Rhys Ifans,406975.0
D.W. Moffett,595631.0
 Costello Carey,6163462.0
 Terri Irwin,410457.0
 Eva Mendes,578949.0
Süleyman Bahtikara,1863452.0
 Fares Fares,267241.0
Joan Plowright,687506.0
 Aya Okamoto,645464.0
 Ray An Dulay,1970018.0
 Sutton Foster,1900397.0
Julie Gouppy,1380148.0
 T.J. Derry,5344332.0
 Scott Porter,2187603.0
André Vippolis,899282.0
 Stephanie Nur,6369771.0
 Chanel Cresswell,2596460.0
Olivia Colman,1469236.0
 Alex Clifford,6737589.0
 Arlisha Fogle,3148536.0
Adam Goldberg,4965.0
Roschdy Zem,954704.0
Jim Caviezel,1029.0
Nik Adruce,2834564.0
 Ruri Tachibana,5302700.0
 Jessica Barrett,6490594.0
 Mikkel Møller,9097130.0
Ariadna Gil,317725.0
Deven Bhojani,80409.0
Regina Hall,356021.0
Brittany Allen,20329.0
 Seth Morrison,1157086.0
 Hallie Switzer,3925524.0
Huub Bakker,4724673.0
 Homayoun Ershadi,259831.0
Wood Harris,365445.0
Fumiyo Kohinata,463201.0
 Cameron Seely,7372981.0
 Annie Girardot,320760.0
 Zeru Tao,849929.0
 Jaime FitzSimons,2968738.0
 Jessica Tuck,875768.0
 Monica Bellucci,899.0
 Billy Mitchell,593165.0
 Luis Luque,527045.0
Deachen Angmo,8407666.0
 Jana Janeková,1348492.0
Katherine Bailess,1349694.0
 Allen Leech,1395602.0
 Derek Luke,1035682.0
 Olivier Bonnaud,5672971.0
 David Lewis,507082.0
 Jeremy Blake,86591.0
 Eva Green,1200692.0
 Ameesha Patel,665349.0
 Abram Rooney,6084083.0
Danielle Aruta,3493773.0
 Nao Kaneda,2840055.0
Ciarán Hinds,1354.0
 Rooney Mara,1913734.0
Amanda Bynes,4789.0
Creusileni Andrade,4266047.0
 Myriam Catania,1393282.0
 Valérie Bodson,91083.0
 Terry Crews,187719.0
Shelley Lynn Arnold,5931926.0
 Dennis Rubin Green,337787.0
 Gustaf Hammarsten,358390.0
 Kirk Sanders,992730.0
 Vaani Kapoor,5744729.0
Jean-Claude La Marre,478713.0
 Jack Nicholson,197.0
Damian Lewis,507073.0
 Jin-seok Lee,3881893.0
Julian Glover,2103.0
Mary Houlihan,7200454.0
Jeremy Kewley,450714.0
 Beth Allen,20304.0
 Sasa Handa,2210064.0
Yusef Moradian,602397.0
 Hideo Sakaki,757049.0
Espen Reboli Bjerke,1471882.0
 Robert Capron,2953573.0
River Huang,3191792.0
Bel Powley,2525790.0
 Hugh Grant,424.0
 Yun-Fat Chow,334.0
 Tatyana Drubich,238454.0
 Vivek Oberoi,1059103.0
Jacinta John,2291353.0
 Ivan Goris,4475102.0
 Nükhet Akkaya,1759842.0
 Steven Michael Quezada,2366374.0
Ioanna Koutsogeorgopoulou,8466771.0
Kirk Cameron,131647.0
Max Irons,1796057.0
Alex Fong,1159570.0
 Sanjeev Bhaskar,80276.0
 Giulio Lopes,519890.0
Jonathan Lipnicki,5151.0
 Marina Gavrilyk,9949100.0
Taylor Gall,7673429.0
Vinnie Jones,5068.0
 Joe Byrum,1410207.0
 Bob Dorian,233646.0
 Gary Stretch,834282.0
François Morel,603586.0
Shamzsul Anuar,7246064.0
Addy,3204147.0
Fionn Whitehead,7887725.0
 Elizabeth Peña,1615.0
Jin Muraki,2487186.0
 Kiernan Shipka,2215143.0
Rowan M. Ashe,1383922.0
 Elijah Bray,9250128.0
Christian Friedel,3041056.0
 Eddie Ritchard,2902289.0
Apa Bhavilai,7398407.0
Aniyappan,1726958.0
Gordan Kicic,452190.0
Jean Reno,606.0
 Massimo Girotti,320988.0
 Adam Sevani,1782560.0
 Kristin Scott Thomas,218.0
 Kerry Fox,289098.0
 Dannii Daniels,5254294.0
Tim Ivey,1658940.0
 Liza Soberano,4715046.0
 Joanne Dru,238445.0
 Jeanne Bates,60931.0
Karen Lancaume,7358172.0
Giovanna Mezzogiorno,583856.0
Bob Geldof,2097.0
Ruth Wilson,2235721.0
Donald Sutherland,661.0
 Sébastien Huberdeau,399424.0
 Martin Landau,1445.0
 Miriam Hopkins,394244.0
Steve Irwin,410455.0
Ebbie Tam,1836937.0
 Jimmy Sheirgill,792116.0
 Victor Webster,5543.0
 Jesús Arriaga,37249.0
 Alexandra Gottardo,2709309.0
John Connors,4853381.0
 Sergej Trifunovic,872729.0
Carlo Campbell,4793097.0
 Niino Furuhata,6948091.0
Kate Bosworth,98378.0
Zachary Bennett,72124.0
 Josh Peck,669681.0
 Monia Chokri,2873161.0
Katie Leung,1648520.0
 Sarah Stouffer,3407550.0
Kristoffer Rhys Grabato,2963368.0
 Sôsuke Ikematsu,1257423.0
 Bindu De Stoppani,211869.0
 Naseeruddin Shah,787462.0
 Ivan Glowatzky,1989521.0
 Wei Tang,2325018.0
 Said Faraj,267057.0
 Mi-yeon Lee,497870.0
Ill-Young Kim,453489.0
 Eddie Redmayne,1519666.0
 Matthias Schoenaerts,774386.0
Trimala Adhikari,5090379.0
 Frankie Chan,157741.0
 Viktoriya Isakova,1835909.0
Curtisha Baker,4355801.0
Bengt Braskered,632165.0
Ananth,25654.0
 Francesca Marie Smith,808216.0
Cesare Erminio,3763096.0
 Craig Conway,176660.0
Ryan Paul North,3600105.0
 Jorma Taccone,1672246.0
 Gwyneth Paltrow,569.0
 Hilal Shoman,7485027.0
 Toshiyuki Itakura,2069143.0
 Yulia Snigir,2568364.0
Sudheer Babu Posani,4460942.0
 Caroline Burns Cooke,1671149.0
 Thure Lindhardt,511892.0
 Zhou Lan,3086374.0
Alexis Bledel,88127.0
Danny de Munk,612918.0
Jennifer Lopez,182.0
 Tessa Thompson,1935086.0
John Noble,633604.0
Shadab Kamal,3537191.0
 Matthew McConaughey,190.0
 Alex Anasuya,3642417.0
 Danielle Evon Ploeger,3172728.0
Shahzaib Yaqoob,9141090.0
Hye-su Kim,453476.0
 AnnaLynne McCord,1715118.0
Melvil Poupaud,693799.0
 Keeley Hawes,369954.0
 Nanami Kawakami,2618941.0
 Demetrius Grosse,2009006.0
 Michael Richards,724245.0
 Barbara Carrera,324.0
 Kelly Hu,5026.0
Matthew Knight,1342743.0
 Michelle Pfeiffer,201.0
Brian Long,518899.0
 Kevin Hart,366389.0
 Julie Bataille,60657.0
Jeff Conaway,1063.0
 Álex González,1682733.0
Fabian Buch,5375457.0
Mekhi Phifer,1616.0
 Michael Paré,1595.0
Sebastian Armesto,273797.0
 Marc Wootton,1742630.0
Robert De Niro,134.0
Bryan Cranston,186505.0
Ted Ludzik,525076.0
Jay Hernandez,379596.0
 Nobuko Fushimi,299346.0
Malar,8217000.0
 Isha Talwar,1589340.0
 Salma Hayek,161.0
Jose Coronado,180580.0
 Jahanara Ahmed,6756255.0
Lane Hughes,2721366.0
Dominique Swain,663.0
Thomas Aduddell,4750607.0
 Francesco Mazzini,563579.0
 Garrett Hedlund,1330560.0
Kadir Inanir,408381.0
Amy Johnston,1829217.0
Nanami Abe,5157050.0
 Catherine Baranov,52996.0
Jennifer Ehle,383.0
Jude Akuwudike,15617.0
 Sally Field,398.0
R. Brandon Johnson,1076937.0
Yul Servo,1100058.0
 Suwinit Panjamawat,1099223.0
 Violante Placido,686376.0
 Grace Stottor,6285641.0
 Sophia Myles,617009.0
 Jude Akuwudike,15617.0
 Leandro Stivelman,
Tannishtha Chatterjee,1318578.0
Evan McGuire,3322957.0
 Richard Schiff,771493.0
 An Nguyen,2480549.0
 Kent S. Leung,4141406.0
 David Alan Grier,4979.0
Joe Schermann,3992566.0
 Mike Rennat,3202502.0
Thomas Ingelse,5043215.0
Mark Arnold,36553.0
Paul Campbell,1353748.0
Iain Glen,322513.0
Keiko Toda,865078.0
 Chad England,1525854.0
Luiz Carlos Vasconcelos],890388.0
Stacy Edwards,250368.0
 Ecem Uzun,2516737.0
Bessie Gian,1499178.0
 Ayla Algan,19279.0
 Adelaide Clemens,
 Teresa Hurtado,1577642.0
 Marta Hazas,1799971.0
 Clara Choveaux,1028648.0
Steven Dasz,2531116.0
Walter Robert Duckworth,3950713.0
 Joyce Cheng,3807582.0
 Samia Gamal,303636.0
 Guy Adkins,3391189.0
Elaina Keyes,8671673.0
 Haley Pullos,2610277.0
 Christian Clavier,2010.0
Rick Springfield,819782.0
Sidney Crosby,2092808.0
Michael Caine,323.0
Hugo Del Pozo,1651038.0
 Freddie Stroma,2238815.0
Craig Strong,834959.0
Tom McGrath,569891.0
Michael Sean Erickson],7863128.0
 Visshesh Tiwari,4244981.0
 Fionn Walton,4753979.0
Izzy Diaz,1486373.0
Oliver Møller-Knauer,1604406.0
 Fritz Kortner,466776.0
Ultra-Violet Archer,6223169.0
 Freddie Prinze Jr.,5327.0
 John David Edwards,3634107.0
Byung-Hun Lee,496932.0
Yoshizumi Ishihara,410986.0
 Zheng Fang,10965977.0
 Carla Gugino,1303.0
Kristian Messere,3979464.0
 Ali Larter,5123.0
 Shari Solanis,2395983.0
 Michelle Tomlinson,1009589.0
 Jan Hooks,393660.0
Marc Blucas,89456.0
Sam Rockwell,5377.0
 Thomas Wheatley,923703.0
Milla Jovovich,170.0
 Jackie Gleason,1276.0
Hidetoshi Nishijima,632689.0
Maribel Bayona,2824864.0
Tord Peterson,677429.0
Nina Boyer,5097091.0
 Mar Andersons,27602.0
 Gemma Whelan,2247629.0
Ben Whishaw,924210.0
 Juliano Cazarré,2131960.0
Baltasar Kormákur,466349.0
Joaquin Phoenix,1618.0
Peng Li,11097637.0
 Verónica Echegui,1531585.0
Prarthana Behere,4934903.0
Reiko Ike,407409.0
Jonathan Bennett,1057932.0
 Priya Anand,3591550.0
 Kenta Kiritani,1118632.0
 Brian Collins,1247620.0
 Ah-in Yoo,2584860.0
Mark Wahlberg,242.0
Bai Ling,499.0
 Chris Netherton,8376920.0
Ellen DeGeneres,1122.0
 Stefanie Scott,2640887.0
Rion Hatsune],10753413.0
Louise Butler,5359053.0
 Chelsea Kane,1466221.0
 Kaori Ikeda,1786949.0
 Enikö Vejmola,4746124.0
 Aarti Agarwal,1140669.0
Jim Cummings,191906.0
 Justin Lewis,274371.0
Chris Tucker,676.0
Keke Palmer,1551130.0
Nikki Deloach,217645.0
Florence Pugh,6073955.0
Marlon Wayans,5541.0
 Jun Gyu Park,1031875.0
Julie Cox,185107.0
Vin Diesel,4874.0
 Iain Rea,713747.0
Oleg Menshikov,579823.0
 Jamie Dornan,1946193.0
Liam McMahon,573054.0
 Ethan Embry,256121.0
 Horatio Sanz,764445.0
 Manjima Mohan,7222220.0
 Michael Welch,919616.0
 Taye Diggs,4875.0
 Belinda Romero,6752635.0
Ian Abercrombie,718.0
Rachel McAdams,1046097.0
Lorenza Izzo,4448022.0
Tianna Nori,4355888.0
Juri Ueno,1392075.0
Lauren Sinclair,801664.0
 Hope Shanthi,3750803.0
 Broselianda Hernández,99131.0
Albina Dzhanabaeva,2482388.0
 Richard Duplechin,9139745.0
 Seung-Hyeon Ji,6094043.0
Luke Benward,972851.0
 Vildan Atasever,1699257.0
Sergey Dreyden,233107.0
Rashida Jones,6936111.0
Xiao Guo,10505235.0
Adrian Grenier,4978.0
 Amy Adams,10736.0
 Mark Matechuk,4522519.0
Hayley Lovitt,2903507.0
 Maude Apatow,2654829.0
Linda Cardellini,4802.0
Natalia Herrero,6181240.0
Alba Ribas,3317281.0
Carlo Verdone,893872.0
 Tom Pauline,4043982.0
 Joe Cole,3771184.0
Lyra Hill,4427385.0
Javi Alaiza,3891305.0
Rainn Wilson,933988.0
Alon Aboutboul,9530.0
Jennifer Tilly,236.0
Jerry Banks,8473123.0
Alba Briansó,1477090.0
 Emma Watson,914612.0
 Darontay McClendon,565817.0
Nilbio Torres,7047915.0
John Malkovich,518.0
 Yukana Nogami,633989.0
 Jérôme Robart,730176.0
 Jason Biggs,4755.0
Jennifer Lawrence,2225369.0
Michael Wildman,1183224.0
Ayaka Tomoda,4819541.0
Destiney Alford,8192689.0
Déborah Révy,3270229.0
 Hugh Laurie,491402.0
 David Pledger,687109.0
 Eric Word,4986886.0
Kamal Kumar Roy,4171806.0
Hiwot Asres,6329434.0
Jayson Therrien,1778976.0
 Joel Harold,2988355.0
 Theresa Hunt,4102857.0
Arpa Pawilai,5058727.0
Benedict Cumberbatch,1212722.0
 Aaron Eckhart,1173.0
 Elliot Cowan,1259002.0
Rose Byrne,126284.0
 Lukas Haas,1305.0
Stephanie Beatriz,3715867.0
 Takeshi Katô,441399.0
David Mingrino,1917553.0
Víctor Cruz,5621495.0
 Elizabeth Peña],1615.0
Sam Huntington,403134.0
Hannelore Elsner,255678.0
Susan Bass,5205765.0
"""Chiara DAnna""",4786698.0
 Jaime Tirelli,864222.0
 Lee Evans,262968.0
 Andreas Patton,666533.0
Asia Argento,782.0
 Néstor Guzzini,2255680.0
 Anna Semenovich,2480813.0
Rômulo Braga,2363124.0
Adena Asovic,9204312.0
 Mark Chinnery,3194537.0
Imanol Arias,2181.0
Tessa Thompson,1935086.0
 Stéphane De Groodt,1024183.0
Komal Jha,6360246.0
Holly Aird,14773.0
 Klaudia Koronel,466582.0
 Keiko Matsuzaka,559698.0
Violeta Naón,1098997.0
 Keira Knightley,461136.0
 Lin Shaye,5417.0
Tom Cruise,129.0
 Taron Egerton,5473782.0
Dustin Gooch,3702546.0
 Tzu-Chien Kuo,475386.0
Zachary Gordon,2325393.0
Bonnie MacBird,531381.0
Mohammed Saad,1461028.0
 András Boda,2067562.0
Jenna Dewan,1564087.0
Larisa Oleynik,646351.0
Gillian Anderson,96.0
 Frances Fisher,4920.0
 Shane Meier,576721.0
Theresa Galeani,2593103.0
 Ata Akdag,10308874.0
 Nana Patekar,7113.0
Carine Migneau,2855994.0
Yurika Hidaka,2980181.0
 Paddy Considine,175916.0
Anna Kendrick,447695.0
 Teagan Mann,5595184.0
 Danny Bass,5207843.0
Lotte Andersen,26203.0
Lello Arena,34253.0
Peter Krause,470244.0
Bartlomiej Topa,867603.0
 Ken Davitian,205772.0
Pascale Armand,1471651.0
Kevin James,416673.0
 Sílvia Lourenço,1062569.0
 Fan Xu,944624.0
 Kuno Becker,65493.0
Frank Langella,1449.0
Gordon Jackson,413561.0
 Stephen Dorff,1151.0
 Uwe Bohm,6740.0
 Ario Bayu,2523085.0
Vinay Apte,32552.0
Soo-In Choi,6778320.0
Kenshô Ono,2770525.0
Yoko Myoi,3686822.0
 Ariel Mateluna,1436504.0
Steve Tom,3493.0
 Nour,1482975.0
 Marcel Hensema,378102.0
 Bo-ra Hwang,2293453.0
Bridie Latona,2592675.0
Ankush Chaudhari,1237397.0
Hyder Ali,19425.0
Nikolaj Lie Kaas,509263.0
D.R. Anderson,2516622.0
Carolina Touceda],1253508.0
 Ingvar Sigurdsson,797614.0
Masaya Katô,441377.0
 Kazunari Ninomiya,632497.0
 Sahil Saluja,6100611.0
Sheridan Smith,809956.0
 Mayû Kusakari,2701737.0
Daniel Radcliffe,705356.0
Linda Emond,256599.0
 Chet Anekwe,1538072.0
Clive Dev,7352767.0
Félix Antequera,30777.0
Garance Marillier,4469165.0
Paz de la Huerta,209289.0
Lázaro Ramos,708698.0
Sean Penn,576.0
Ajay Kumar,1226193.0
Tony DeCamillis,213612.0
Rudy Youngblood,2199632.0
 Nick Stahl,1763.0
Edward G. Robinson,64.0
Radoslav Brzobohatý,117505.0
 Tom Bridger,3470272.0
 Dilip Advani,1749691.0
Yeong-ae Lee,498472.0
 Karyn Parsons,663854.0
 Vinnie Jones,5068.0
 Janne Halinen,5414230.0
Juan Alén,2780429.0
 Onni Tommila,2762369.0
Pierre Coffin,1853544.0
Jody Lee Harris,3101042.0
 Atsushi Arai,4104743.0
 Banerjee,51857.0
Lewis MacDougall,6484968.0
John Migliore,4276395.0
Benoît Giros,320980.0
 Dolly Parton,573.0
Maggie Smith,1749.0
 Tom Schilling,771713.0
 Zack Keller,6273216.0
 Hideaki Itô,411692.0
 Elizabeth Cameron,131660.0
 Weimin Sun,5575486.0
 Tillie Emilia Bech,2879748.0
 Mel Gibson,154.0
Jay Baruchel,59431.0
 Emmanuelle Chriqui,4825.0
 James McAvoy,564215.0
 Claudie Blakley,86865.0
Nichole Bloom,3783235.0
Cédric Kahn,434806.0
 Simon Birks,3886478.0
Joshua Gomez,1382427.0
Colin Farrell,268199.0
Glenn Morshower,607703.0
Sanjeev Kumar,474876.0
 Steve Lewis,3358843.0
 Dan Montgomery Jr.,599715.0
Neville Archambault,3270793.0
 Jay Chou,1727100.0
Ricardo Darín,201857.0
 Mathew Greer,339472.0
 Tom Sizemore,1744.0
Hee Ching Paw,667978.0
Aretha Franklin,291349.0
Chadwick Boseman,1569276.0
 Giuseppe Sulfaro,837868.0
 Jung-woo Ha,1978402.0
" ""Nicholas DAgosto""",194900.0
Jon Foo,1463426.0
Yôsuke Asari,1832125.0
Yolanda Crutchfield,7514176.0
 Andy Garcia,412.0
Kaoru Kobayashi,462006.0
 Gayathrie,5408141.0
 Adam Bousdoukos,100196.0
Nikolas Aggelis,2595276.0
 Margo Stilley,1626256.0
 Natalia Belitski,3331166.0
Felicity Jones,428065.0
 Susan Bachtiar,2842918.0
Alex Huff,3587170.0
Dana Carvey,1022.0
 Susan Hayward,1333.0
 Kenny Lin,5341380.0
 Béla Dóra,1559290.0
Dan Olson,3526773.0
William Cully Allen,3092765.0
 Gary Bennett,71770.0
Charles Aznavour,2198.0
Anna-Marie Wayne],1056392.0
 Kyle Gass,309307.0
Alison Lohman,517844.0
 Christoph Waltz,910607.0
 Noah Woods,8113896.0
Min-sik Choi,158856.0
Rodrigo De la Serna,209404.0
 Jenna Elfman,1184.0
 Momona Komagata,4371004.0
 Natalya Bondarchuk,94081.0
Alexi Mathieu,6615039.0
"""James DArcy""",195439.0
 Aleksandr Armer,5816558.0
Miki Asakura,1732344.0
 Tae-Hyun Cha,1028580.0
Camille Chamoux,3548282.0
Aleksei Archer,2592911.0
 Mariya Kuznetsova,974692.0
Nargis Bagheri,1963969.0
Ciara Jiana,5809259.0
Tusshar Kapoor,969428.0
 Desiree Garcia,3228262.0
Brad Renfro,605.0
 Kellan Lutz,1553725.0
Yasmin Kassim,4382843.0
 Letitia Aremberg,34231.0
Nobuyuki Asano,1089014.0
Sacha Baron Cohen,56187.0
 Espen Reboli Bjerke,1471882.0
 Jan Frycz,296809.0
Seth Packard,1759408.0
 Emma Fitzpatrick,3500747.0
 Bobby Andrews,1201278.0
 Jaime Lyn Beatty,2326212.0
 James Gaddas,300518.0
Nick Robinson,3538718.0
Kyle Chandler,151419.0
Robert James-Collier,1674947.0
Blythe Danner,1100.0
 Agnes Kittelsen,1748545.0
Gérard Lanvin,487254.0
 Robin Tunney,677.0
 Ben Soar,3362201.0
 Bella Esperance,260872.0
Adesua Etomi,6767239.0
 Danielle Harris,364583.0
 Alexander Fehling,2356421.0
Toyokazu Nogawa,6860782.0
 Robert Knott,461446.0
Jamie Wax,1229278.0
Julian Sands,1696.0
 Thierry Genovese,3228388.0
 Andrea Osvárt,652619.0
 Pierce Gagnon,3163952.0
Vidya Makan,8134806.0
 Mami Ogawa,644557.0
Mikko Kauppila,4476530.0
Stan Collymore,1544103.0
Asif Ali,4371284.0
 Gina Martino,1468320.0
Axel Anderson,26388.0
 Tôma Ikuta,1030205.0
Samantha Robinson,6231136.0
 Christian von Aster,1577567.0
 Nene Ohtsuka,652991.0
 Brent Spiner,653.0
Justin Bieber,3595501.0
Narendra Naidu,4636198.0
Rajpal Yadav,1056425.0
 Mike Sarti,2632331.0
Antony Koulehi Diate,224930.0
 Aljosa Kovacic,1254607.0
Gérard Jugnot,432040.0
 Nate Parker,1676649.0
 Hong-suk,9257623.0
 José Manuel Poncelis,690307.0
Tino Struckmann,1559935.0
Ethan Embry,256121.0
Jamal Woolard,2946456.0
Baki Davrak,205811.0
Dave Franco,2002649.0
 Mahima Chaudhry,154274.0
Jesús Aranda,1992091.0
Michelle Pfeiffer,201.0
 Charli Barcena,2724665.0
 Uma Thurman,235.0
 Jeremy Koerner,2099710.0
 Leslie Zemeckis,366667.0
 Geraint Wyn Davies,943870.0
Kate Mara,544718.0
Julia Jones,1247407.0
Emma Roberts,731075.0
Geraldine McEwan,568603.0
 Lorraine De Selle,211526.0
 Rinko Kikuchi,452860.0
Brian Cox,4051.0
Jeremy Renner,719637.0
 Miriam Toews,2700470.0
 Noomi Rapace,636426.0
 Jung-ah Yum,947514.0
Vice Ganda,2769248.0
Ann Mitchell,593129.0
Bogdan Dumitrache,1896035.0
Hiroshi Abe,8346.0
 Stacey LaBerge,2657069.0
Inga Salurand,2406886.0
Ellar Coltrane,1294664.0
 Rose Leslie,3310211.0
 Charles Durning,1164.0
Takenori Gotô,8531626.0
 Carmelo Borg Pisani,4463515.0
 Rochelle Aytes,1468674.0
 Matthew Bohrer,4026000.0
 Marty Gage,2290430.0
 Raini Rodriguez,2263115.0
 Tiffany Kemp,3620210.0
 Jan Marsál,5043993.0
 Roman Yasinovsky,7424662.0
 Norm Lewis,507592.0
Amelia White,8894011.0
 Kat Bartlett,3228773.0
Bailey Spry,6092492.0
Morgan Freeman,151.0
 Michael Stahl-David,1221863.0
Kevin Costner,126.0
 Steve Vieira,1736380.0
 Sana Ichimiya,1984015.0
 Beth Aynsley,3151871.0
Jennifer Garner,4950.0
Bharat,7694607.0
Christian Trias Mir,7733766.0
Viggo Mortensen,1557.0
Linas Phillips,1060510.0
 Jason Jones,428319.0
 Aruna Irani,45119.0
Tony Shalhoub,1724.0
 Tommy Savas,1259207.0
Rosa Maria Sardà,3030.0
Derek Theler,3475387.0
 Daniel Drescher,4952973.0
 Pamela Anderson,97.0
 Douglas Booth,3150488.0
 Scott Lunsford,1126640.0
Derek Wayne Johnson,2361932.0
 Yia Yang,5816328.0
May Charters,3124755.0
Hringur Ingvarsson,1970058.0
 Olivia Magnani,1105785.0
 Fernando Hernández Barral,4795754.0
 Ashley Cutrona,3159791.0
 Amin Hayayee,1473166.0
 Dave Franco,2002649.0
 Marie Iitoyo,5619822.0
Cassandra Peterson,5308.0
Ryûnosuke Kamiki,1126340.0
 Matthew Powers,694585.0
 Eddie Garcia,305182.0
Will Arnett,4715.0
Hiroyuki Sanada,760796.0
 Jacob Mooney,1395646.0
Alejandro Ferretis,1220694.0
 Naomi Scott,4305463.0
Iryna Bardakova,5593581.0
 Junior Lima,432689.0
 Robert Sean Leonard,494.0
Steve Carell,136797.0
Yigit Özsener,1625669.0
Jean-Pierre Bacri,45870.0
Fatma Ben Saïdane,69964.0
 Xuewei Han,4698352.0
John Beringen,4716799.0
 Randall Carlton,1055192.0
Rocki DuCharme,2421227.0
 Manami Hashimoto,2938232.0
Natasha Richardson,1670.0
Miguel A. Núñez Jr.,639200.0
Anthony Mackie,1107001.0
Valentine Bureau,1548357.0
 Chinnijayanth,1232849.0
 Bill Milner,2389463.0
Revalina S. Temat,2680444.0
Sarah Blevins,1751248.0
Alessandro Benvenuti,73043.0
 Sofiya Khandamirova,7628316.0
Josh Hutcherson,1242688.0
Ben Weber,916491.0
 Isla Fisher,279545.0
 Norma Shearer,790454.0
 Vijay Sethupathi,4043111.0
Leelee Sobieski,5447.0
Harry Belafonte,896.0
 Valtteri Lehtinen,3532117.0
 George Hu,4358682.0
 Randall Batinkoff,871.0
Alexandre Rodrigues,1179105.0
Shona McWilliams,1958388.0
 Simon Lee Phillips,1470656.0
Campbell Scott,1714.0
 Aydilge Sarp],7015009.0
 Reika,788907.0
 Ellar Coltrane,1294664.0
Ohene Cornelius,2711766.0
Tony Andriotis,6846803.0
 Rip Torn,1800.0
Leah Carrell,6267941.0
 Walter Perez,1391090.0
" ""Shinichi Tsutsumi""",875495.0
Kristopher Bowman,3456514.0
 Carolina Torres,3922908.0
 Micki Chow,2706102.0
Chyler Leigh,500200.0
Drew Rausch,3040388.0
Hans Krankl,1525995.0
 Janet McTeer,5216.0
 Irene Ziegler,954529.0
 Alexander Morton,607916.0
 Jimmy Fallon,266422.0
 Jono Cota,5955399.0
 Mark McKirdy,4454268.0
Yoram Blaschkauer,3724692.0
Kenji Sawada,767984.0
Kevin Sizemore,1146857.0
Jay Chou,1727100.0
Jennifer Westfeldt,922724.0
Larry Greene,2022271.0
Mohamad Mokhtari,1068133.0
Cher Hubsher,3143686.0
" ""Jonathan Lil J McDaniel""",1355362.0
 Chau Bui,3560482.0
Hikaru Wakana,6408485.0
Sara Cosmi,181914.0
Natalie Victoria,2210947.0
Miquita Oliver,646948.0
Ray Wise,936403.0
Djin Sganzerla,1500471.0
Ayano,3709724.0
 Gilles Guillain,1078583.0
Ajitesh Bannerjee,1156849.0
Jonathon Ash,3973269.0
 Vanessa Paradis,660854.0
Kristen Connolly,1393354.0
 Zhentao Zu,5144169.0
Michalina Olszanska,5584702.0
Angela Ying-Ying Tong,867211.0
Aarav Khanna,4496842.0
Davion Bland,7120462.0
 Richa Chadha,5553416.0
 Bront Palarae,2387707.0
Sanjay Dutt,4569.0
 Sa Hee,4406948.0
 Steve Parish,2730780.0
Johnron Tañada,2348047.0
 Mona Wasu,2324046.0
Chippy,471092.0
Jeremy Piven,5315.0
 Masaaki Kai,435298.0
 Dan Castellaneta,144657.0
 Lucia Chiarla,2180934.0
 Andy Samberg,1676221.0
 Rhenzy Feliz,7968341.0
 Sofia Alam,3424258.0
 Katie Stuart,835758.0
Carly Kohler,3685219.0
Ohad Knoller,461324.0
Rasmus Hardiker,1727356.0
Alba Rohrwacher,2130040.0
 Thomas Bangalter],51939.0
 François Périer,673749.0
 Samara Lee,5343317.0
Sahan Gökbakar,2201881.0
Jim Dunk,242319.0
 Charles Haydn,1559404.0
 Julianne Moore,194.0
Phil Harris,365201.0
 Fuzzy Fantabulous,1692812.0
 Roberto Ormanni,6199898.0
Brittany Michelle Donovan,7390458.0
Anne Suzuki,840551.0
 Saurabh Shukla,795661.0
 Jorge Diaz,246612.0
Shadmehr Aghili,2798839.0
Kumi Imura,2017657.0
Zach Galligan,2090.0
Dean J. West,1706076.0
Perry Benson,72610.0
Harris Dickinson,6170168.0
Josh Radnor,1102140.0
Noel Appleby,32370.0
 Kate Bernhardt,4629461.0
 Simon Pegg,670408.0
 Clovis Cornillac,180404.0
 Nicholas Saputra,1127373.0
Kane Hodder,387987.0
 Marco Cocci,168064.0
 Nino Frassica,292291.0
 Declan Reynolds,1880054.0
Subhrajit Mitra],3392438.0
 Kevin Smith,3620.0
 Louis Koo,465503.0
 Stig Frode Henriksen,2552337.0
Javier Veiga,892011.0
Anne Hathaway,4266.0
Kip Pardue,661164.0
 Radamés de Jesús,208969.0
 Nicholas Adam Clark,4997360.0
 Jamal Alkhaldi,6814731.0
 Corey Burton,123553.0
 Liev Schreiber,630.0
Jean-Louis Trintignant,4462.0
Kelly Goudie,7382901.0
 Joel Courtney,1525807.0
 Alison Haislip,1689872.0
Stephen McHattie,565569.0
 Laudya Cynthia Bella,2534118.0
 Shengning Xi,5688841.0
Taishi Nakagawa,4667834.0
Jesús Ochoa,643740.0
 Amyra Dastur,5711339.0
 Leon Lucev,524494.0
Sinan Bengier,71044.0
Takahiro Sakurai,757327.0
 Muzafer Zifla,1303350.0
 Diane Kruger,1208167.0
Shurmaily Martina,1412225.0
 Azzaly B. Ismail,5268701.0
Josh Stewart,1577637.0
 Mika Boorem,95561.0
 Nicolas D. Blake,4251000.0
Christina Hendricks,376716.0
 John Turturro,1806.0
 Slavko Stimac,830371.0
Mark Hamill,434.0
Declan Donnelly,232700.0
 Julianna Margulies,523.0
 Hayley Squires,4842197.0
 Estella Warren,5535.0
David Horovitch,395257.0
Junpei Hashino,4561634.0
 Kevin Connolly,175305.0
Mahendra Perera,1269796.0
 Rolando Villazón,1295380.0
Tansu Biçer,1758682.0
 Shiri Appleby,32375.0
 Miroslav Etzler,262253.0
 Didi Fire,3936866.0
Samuel L. Jackson,168.0
Steve Wiebe,2528248.0
Ray Anthony,30989.0
 Thandie Newton,628601.0
 Christina Fougnie,2323676.0
Michael Peña,671567.0
 Izabella Scorupco,1713.0
 Jayne Eastwood,247720.0
Sacha Muhlebach,3984439.0
David Thewlis,667.0
Alan Rickman,614.0
Namewee,4671471.0
Victoria Adams,65751.0
 Sima Mobarak-Shahi,2155402.0
Mónica Villalba,9023584.0
Phyllis Applegate,32399.0
 Nargis Neha,8378234.0
Cleopatra Coleman,1671147.0
Kalasala Babu,1498467.0
 Derek Barbosa,944598.0
 Cory Caudill,9020662.0
Adrien Brody,4778.0
 Gérard Rudolf,748911.0
Hugo Weaving,915989.0
 Justine Waddell,905311.0
 Max Beesley,66586.0
 Manuel Baca,45188.0
 Noel Fielding,1653276.0
Fernandel,272794.0
 David Huband,399126.0
 Fran Biggs,1921207.0
Jeffrey Johnson,1378502.0
 Pooja Umashankar,2661079.0
 Azusa Sakai,2738583.0
Shelley Winters,1859.0
 Gergely Trócsányi,1627935.0
 Scott Hazell,2281941.0
Michalis Koutsogiannakis,468110.0
Andrés Vázquez,6156807.0
Lotte Verbeek,2551311.0
Frances McDormand,531.0
Shauna Macdonald,531933.0
Ling Ling Liu,2167218.0
 Israel Broussard,3441152.0
 John Houseman,2144.0
 Melissa McCarthy,565250.0
 Janyris Cotto,5603879.0
Shawn Christian,160085.0
 Bo Hopkins,5019.0
Martina García,306357.0
Meggan Anderson,2405736.0
 Paula Beer,3559009.0
 Varun Sharma,5607349.0
Ydwer Bosma,2254978.0
Dawn Beckman,8925040.0
 Gauhar Khan,1247401.0
 AnnaSophia Robb,1455681.0
Lucas Lagré,3904326.0
Steve Oedekerk,644203.0
 Nicholas Hoult,396558.0
 Brian Boland,1705210.0
 Iva Mihalic,2574924.0
Arti Gollapudi,7800206.0
 Amanda Seyfried,1086543.0
 Jorge Sesán,785980.0
 Rosalind Cash,143614.0
Dhari Abdulredah,8721675.0
Alan Aguilar,6471496.0
 William Shockley,794687.0
Ken Marino,547800.0
Mike Myers,196.0
 Bela Lugosi,509.0
 Katlyn Carlson,3081650.0
 Javier Gutiérrez,349522.0
Cathal J. Dodd,230064.0
Seo-joon Park,6124994.0
 James Younan,1863286.0
James Ransone,710447.0
 Edward Norton,1570.0
Semyon Strugachyov,835292.0
 Adam Melton,2208797.0
 Ethan Cosmo],6324143.0
 Dougray Scott,779084.0
Hyuk Jang,1030267.0
Ficarra,1220697.0
 Unax Ugalde,880054.0
Unni Mukundan,4520191.0
 Joshua D. Russell,5103264.0
 Rob Flanagan,1844114.0
 Callan McAuliffe,2786608.0
Anneli Alhanko],19366.0
 Loren Fossie,9495612.0
 Tommy Dean Musset,1459586.0
Azusa Sakai,2738583.0
Bill Compton,5218014.0
 Jeff Branson,105226.0
 Steven Brand,104526.0
 Ewa Lukasiewicz,2619296.0
 Benedikt Bauernberger,1388436.0
 Nabil Ahmad,3600822.0
Yuji Okumoto,645785.0
Nan Yu,950544.0
 Maya Dunbar,1770441.0
 Nadia Amir Khosravi,9518134.0
 Lynn Collins,1211488.0
Ilanit Gershon Weiss,5908647.0
Stefen Eynius,3446962.0
Edward Weki,3950371.0
Sunil Shetty,792911.0
 Bill Shirley,794301.0
 Ivan Dobronravov,1424720.0
 Kim Danford,5532924.0
 Pavel Nový,637288.0
 Tôru Furuya,299228.0
 Javier Cámara,194572.0
 Jordan Carlos,1994167.0
Ben Schnetzer,3115493.0
 Ashok Chaudhary,5515742.0
Lewis McKenzie,571565.0
Stella Strada,1754077.0
 Cheryl Hines,385644.0
Donatas Banionis,52023.0
 Moon Bloodgood,1291227.0
Charlie Creed-Miles,187224.0
 Michael Sean Erickson,7863128.0
Ezel Akay,15121.0
 Bidita Bag,5089122.0
 Jaanika Arum,3906127.0
Vishnu Ranjith,6311125.0
 Manisha Koirala,463539.0
Rene Russo,623.0
Jake Gyllenhaal,350453.0
Ulrich Thomsen,860947.0
 Olivia Colman,1469236.0
Jennifer Jason Leigh,492.0
Lisa Peterson,550591.0
 Rob Brown,114532.0
Debu Bose,3433354.0
 Nicole Lewis,2311959.0
 Vanessa Hudgens,1227814.0
Jamie Lee Curtis],130.0
 Domhnall Gleeson,1727304.0
 Mena Massoud,4565815.0
Xin Wang,3288463.0
Stephen Lang,2332.0
Andreas Bieber,81255.0
Sam Hazeldine,1486831.0
Norman Reedus,5342.0
Jim Broadbent,980.0
Flora Saini,1671733.0
 Shimon Amzaleg,2263023.0
Ben Burtt,123785.0
 Brian Kotzur,2555547.0
Judit Weegar,4039218.0
Lahmard J. Tate,851159.0
 Nancy Clarkson,4098341.0
Jeremy London,518718.0
Akhil,7216738.0
 Moy Gutierrez,7120464.0
 David Sullivan,1503383.0
Kurt Braun,5639771.0
 Maria Conchita Alonso,744.0
 Ashley Springer,1488410.0
 Matthew Ziff,3556158.0
 Sara Paxton,668139.0
 Caroline Kava,442512.0
Rose Abdallah,2061259.0
 Cleo Berry,3075157.0
 Andrew Dickler,225565.0
Jeff Argubright,1531001.0
Mike Bartkowiak,3516262.0
 Jella Haase,3436464.0
 Albert Finney,1215.0
 Jason Fricchione,1723600.0
 Sudharani,1107966.0
 Philippe Goos,2883377.0
Santiago Alvarado,4040325.0
"""Jason Wee Man Acuña""",10338.0
Winona Ryder,213.0
 Stefanie Schmid,772736.0
 Kaori Ishigaki,10038085.0
Alisha,157958.0
 Chandler Riggs,3385128.0
 Anthony Quinn,63.0
 Tamim Hakizimana,4414463.0
Taylor Kitsch,2018237.0
 Natasha Hovey,397021.0
 Molly Hagan,353243.0
Aamir Khan,451148.0
 Ashley Olsen,1580.0
Svar Kamble,6636296.0
 Wes Clark,7305824.0
 Mary Davenport,202629.0
"""Vincent DOnofrio""",352.0
 Sarimah Ibrahim,406566.0
 Tony Cox,185272.0
 Rami Hilmi,1972134.0
Petr Simcák,5791331.0
 Lukasz Simlat,1466093.0
Zohar Adner,2149899.0
 Erin Darke,3520615.0
Uzo Arukwe,7475881.0
 Silvana Mangano,542146.0
Hitomi Hanasaki,5149631.0
 Tamela J. Mann,542990.0
Angeliki Papoulia,1465326.0
Maryam Karimi,1235696.0
Aris Sifonios,2159469.0
 Julia Jentsch,421799.0
Henriette Heinze,374600.0
 Humberto Zurita,958784.0
Kyoko Fukada,297906.0
 Uzor Arukwe,3708709.0
Eddie Peng,2108643.0
 Rene Liu,515002.0
Anthony Perkins,578.0
 Yutaka Takenouchi,847570.0
Guillaume Gascoin,6416866.0
 Rodney Eastman,247672.0
Helen Hunt,166.0
 Eric Mabius,531095.0
Billy Bob Thornton,671.0
"""Junichi Okada""",645411.0
 Omar Lotfi,3254180.0
Ekin Cheng,155562.0
 Cláudio da Silva,1128006.0
Soo-jung Lim,1280145.0
 Mariya Poroshina,1115009.0
Artur Smolyaninov,810638.0
 Alice Carey,1263168.0
 Tenzin Jigme,2259363.0
 Claire Danes,132.0
 Alexia Fast,2145177.0
 Shan Jiang,1308995.0
Nick Whitaker,924293.0
Michael Niavarani,629212.0
Paula Echevarría,1309844.0
 Jeremy Swift,842596.0
 Demaria Anissa,5380122.0
Larry Bryggman,117365.0
Vincent Ebrahim,1081121.0
 Juan Ramón López,7426971.0
Fredrik Jönsson,3488162.0
 Pfeifer Brown,6018502.0
Axel Bogousslavsky,91909.0
Kristanna Loken,518085.0
 Frank Glidden,1784445.0
Cristina Amadeo,23732.0
 Jim Cunningham,3642013.0
 Emile Clarke,5026631.0
