Name,ID
Alan Baumgarten,0062328
Pietro Scalia,0768817
Chris Cartagena,2677932
Jay Rabinowitz,0704950
Michael Tronick,0873531
Andrew Marcus,0546064
Jon Harris,1154184
Seth Flaum,0281311
Dody Dorn,0233827
David Brenner,0107464
,
Joe Hutshing,0404528
Patrick Lussier,0527261
Massimo Quaglia,0702760
Arthur Schmidt,0772831
Dylan Tichenor,0862664
H. Lee Peterson,0677177
William Goldenberg,0325549
Anne V. Coates,0167613
John Wilson,0100764
Ethan Coen,0001053
Tom Finan,0277362
Andrew Mondshein,0597812
Tom Lewis,9348659
Larry Bock,0003231
Steven Kemper,0447425
Roger Barton,0059242
Sheldon Kahn,0434922
William Chang,5436411
Robert Duffy,0240609
James Coblentz,0167917
Masahiro Hirakubo,0386227
Mark Goldblatt,0325358
Tinto Brass,0000972
Stephen Mirrione,0592537
Thom Noble,0633677
Tim Squyres,0820163
Thomas J. Nordberg,0634964
Peter Boyle,0001967
Rick Shaine,0787603
Hirohide Abe,0008345
François Gédigier,0350726
Robin Russell,0751421
Christopher Greenbury,0338642
Hank Corwin,0181650
Craig Herring,0380653
Peter S. Elliot,0007192
Mick Audsley,0041644
Jeff Gourson,0324122
Bob Bender,1965041
John Scott,0552561
Richard Francis-Bruce,0290358
Billy Weber,0916502
Brett Sullivan,0837977
Luke Doolan,1029112
Luis Carballar,0136057
Greg Hayden,0370742
Robert Francis,0290295
John Carter,0141715
Kimberly Ray,0712897
Kent Beyda,0079879
Melissa Kent,0003151
Robert Leighton,0500371
Michel Arcand,0033504
John Carnochan,0138878
Gregory Perler,0674179
Elena Maganini,0535718
Joel Cox,0185088
Paul Hirsch,0386532
Conrad Buff IV,0119322
David Rosenbloom,0742430
Peter Teschner,0856249
Terilyn A. Shropshire,0795443
Katie Mcquerrey,0574376
Kevin D. Ross,0743586
Peter Devaney Flanagan,0222203
Wayne Wahrman,0906387
Malcolm Campbell,0132696
Richard Chew,0156816
Antony Gibbs,0316626
Peter R. Adam,0010574
Tariq Anwar,0031697
Sarah Flack,0003483
Chris Peppe,0672562
Aïlo Auguste-Judith,0041898
David Finfer,0277722
Laurence Bawedin,0062613
Chris Wyatt,1414749
Ian Crafford,0185677
Renu Saluja,0759183
Dede Allen,0020441
Derek Brechin,0106513
Chris Blunden,0089887
Caroline Ross,0743293
Valdís Óskarsdóttir,0652020
Garth Craven,0186602
Jeffrey Ford,0285701
Sally Menke,0579673
Eun Soo Lee,0497248
Ned Bastille,0003527
Ken Sallows,0758627
Anne McCabe,0564415
Casey O. Rohrs,0737620
Debra Chiate,0157096
Jay Cassidy,0144203
Gerald B. Greenberg,0338513
Stephen Semel,0002377
Martin Apelbaum,0031988
Harvey Rosenstock,0742708
Mo Henry,0377948
Po-Wen Chen,0155163
Kristi Shimek,3138308
Maryline Monthieux,0599958
Mark Stevens,1947403
Kathryn Himoff,0385442
Brigitte Breault,0106467
Scott Marchfeld,1293613
Dennis Virkler,0899398
N. Gopalakrishnan,1020335
Peter Amundson,0025477
Ronald Roose,0740462
Roy Andersson,0027815
Michael Berenbaum,0073490
Ágnes Hranitzky,0398555
John Smith,0005295
Sang-beom Kim,0453656
Leslie Jones,0428656
Julie Monroe,0884419
Neil Farrell,0268294
Sergio Zottola,0958036
John F. Link,0511219
Earl Watson,0914607
Jeffrey Wolf,9881873
Thierry Hoss,0396126
Howard E. Smith,0808483
Yukiko Ito,10273445
Stephen A. Rotter,0745450
William Kerr,0449652
Samuel D. Pollard,0689498
Ruby Yang,0002548
Rodrigo Balart,1409857
Suzanne Hines,0385720
Hervé Schneid,0773685
Plummy Tucker,0875976
Luis de la Madrid,0209303
O. Nicholas Brown,0114363
Sanjay Verma,0894350
Rob Kobrin,0462188
Jill Bilcock,0082162
Geraldine Peroni,0674419
Alan Heim,0374189
Karin Hartusch,0554376
Michael Jablow,0413013
Andrew Hulme,0401528
Anders Villadsen,0897681
John Bryant,0117136
Tatiana S. Riegel,0726186
Roberto Perpignani,0674487
Gaétan Huot,0403244
Janice Hampton,0359000
Mark Wybourn,0943606
Trevor Waite,0906634
Alisa Lepselter,0503429
Fruit Chan,0150897
Gabriel Friedman,0295216
Fredrik Abrahamsen,0009036
Kate Williams,0931026
Todd Busch,0002708
Barbara Tulliver,0876392
Min-ho Kyeong,0389966
Luis Colina,0171537
Pasquale Buba,0117779
Richard Pearson,0669363
Sherwood Jones,0429247
V.V. Karnik,0439829
Peter Honess,0392000
Dany Cooper,0177969
Robert Frazen,0292482
Joel Plotch,0687412
Bruce Cannon,0134164
Richard Comeau,0003518
Richard Marks,0555665
Baxter,0062661
Noëlle Boisson,0092384
Andrew Bird,1913095
Sophie Hesselberg,0381597
Toshio Henmi,0377155
Tina Hirsch,0386443
Nils-Erik Ekblom,4103710
Edward Mansell,0543743
Riwanon Le Beller,4435146
William M. Anderson,0027590
Pamela French,0294168
Dorian Rigal-Ansous,0726513
Carrie Elizabeth Foresman,0286101
John G. Avildsen,0000814
Amy E. Duddleston,0003148
Ed Marx,0003759
Tom McArdle,0002500
Bharat Singh,3795946
Michael Parker,11140872
Barry Malkin,0539794
David Moritz,0605758
Per Risager,1020344
Miume Jan Eramo,0258588
Nick Morris,0606835
Andreas Jonsson,1174577
Brad Anderson,0026442
Scott Thomas,0587238
Alan Strachan,0833029
Folmer Wiesinger,0002296
Dan Farrell,0268202
Joe Rabig,1056042
Keith Reamer,0714070
Yann Dedet,0214088
Shûichi Kakesu,0435372
Jonathan Morris,3606844
Gabriel Wrye,0943046
Gary Friedman,0295217
Kelly Herron,0380804
Ubiraci de Motta,1120132
Carla Luffe Heintzelmann,4174366
Jim May,0561997
Marie-Sophie Dubus,0239656
John David Allen,0002237
Vanick Moradian,0597467
Anne Goursaud,0258424
David Leonard,0502600
Alejandro Lázaro,0529457
Marie Zemanová,10682395
Gerd Tjur,0864686
Oral Norrie Ottey,0653205
Ueli Christen,0003196
Giovanni Conti,1298787
Stan Cole,0170788
Shin'ichi Fukumitsu,0298016
Zene Baker,0049026
Adam Lichtenstein,0509025
Skule Eriksen,0259276
Pia Di Ciaula,0223737
Martin Connor,0175438
Dermot Diskin,0228358
Mickael Dumontier,2534012
Ed Santiago,0763572
Einat Glaser-Zarhin,0321865
Roberto Missiroli,0592935
Elen Pierce Lewis,0507158
Sylvia Ingemarsson,0408748
Ronald Allan Dale,1135793
Sonny Baskin,0059960
Sue Wyatt,5849186
Richard Hindley,0385557
A. Muthu,0616107
Bill Pankow,0659597
Deborah Zeitman,0954434
Darek Hodor,0388321
Joel T. Pashby,0003584
Sean Lahiff,2130439
Sachin Adurkar,1619413
Didier Ranz,0710515
Patricia Rommel,0739688
Bob Jorissen,0430428
Martin Nicholson,0676248
Joyce Bernal,0076081
A. Sreekar Prasad,0695252
Grand Yip,1074051
Annie Kocur,0462603
Ron Wisman,0936568
Kumarasiri de Silva,9023527
Tatyana Egorycheva,0947282
Chizuko Osada,0651482
Pekka Lampela,0483852
Dan T. Hall,0355453
Alain Derenne,1024206
Wes Craven,0000127
Cezary Grzesiuk,0344847
Amedeo Salfa,0758157
Rachid Benallal,0070176
Nicholas Zennaiter,0954892
Jim Page,0656199
Ka-Fai Cheung,0156496
Anne Argouse,0034533
Renato De Leon,1517207
Carlos Puente,0699902
Viet Nga Nguyen,0629131
Diana Vasconcellos,0890350
Nicola Barnaba,0055348
Suresh Urs,0882119
Eric DeVos,0212252
Stan Brakhage,0104132
Jason Krasucki,0469999
Mette Zeruneith,0955127
Marc Heilige,1040256
Alberto Arvelo,0038093
Wang Hung Ng,0402208
Milenia Fiedler,0275845
Bal Korde,0466118
Kianoush Ayari,0043668
Françoise Geissler,0312086
Thibaud Caquot,1761727
Anne Riegel,0726177
Tom Elkins,0253899
Danae-Despo Maroulakou,0549615
Tom Sawyer,1504138
Iván Aledo,0017793
Walter Hannemann,0360385
Thelma Schoonmaker,0774817
Ágnes Mógor,0617811
Giogiò Franchini,0289980
Hyun-joo Kim,1152065
Susana Rossberg,0743974
Neli Kristesashvili,0471587
Pere Abadal,0007609
Jessie Kirby,0456160
Carlo Balestrieri,0050117
Mike Blankier,1672743
Natalya Sazhina,1115174
Vladimir Chubrikov,0160963
Mike Aransky,0998799
Alberto Ortiza,1519419
Michael Strauss,4041329
Nazanin Mofakham,0595552
Anne Weil,0917934
Xiao Jing Liu,0515039
Kotagiri Venkateshwara Rao,0467607
Naoki Kaneko,0437519
Vincent Ray Booth,2182714
Christian Marcotte,0545950
Chris Odell,2035271
Hossein Shahabi,6745899
Prakash Karinja,8780019
John Gilbert,0318105
Robert Grahamjones,0334382
Kevin Tent,0855188
Takeshi Seyama,0786707
Bruce Green,1321726
Steve Welch,0919660
Sam Bauer,0061926
Daniel P. Hanley,0360067
Sim Evan-Jones,0262445
Mary Sweeney,0842156
Anita Brandt Burgoyne,0105019
Ellen Keneshea,0447762
Meg Reticker,0720532
Kevin Stitt,0830615
Alfonso Cuarón,0190859
Michael Kahn,0434883
Robert Rodriguez,0001675
Nacho Ruiz Capillas,0749593
Chris Lebenzon,0495605
Eric A. Sears,0780762
Martin Walsh,0909760
Dallas Puett,0699971
Carole Kravetz Aykanian,0470410
Nadine Muse,0006933
Bob Ducsay,0003032
Peck Prior,0697953
Neil Travis,0871423
Robert Dalva,0198395
Stephen E. Rivkin,0729701
Wendy Greene Bricmont,0108629
Scott Mosier,0608714
Matt Chesse,0156276
Larry Madaras,0534509
Paul Martin Smith,0809551
Mark Helfrich,0375068
Jay Chandrasekhar,0151540
Eric L. Beason,0064062
Christian Wagner,0905833
Andrew Hafitz,0353137
George Bowers,0101055
Lisa Zeno Churgin,0161497
Trudy Ship,0794064
Xavier Loutreuil,0522169
Paul C. Warschilka,0913150
Craig McKay,0570948
Tony Lombardo,0518361
Arnold Glassman,0322083
David Handman,0359636
Peter E. Berger,0074318
Craig Wood,0939623
Yasushi Shimamura,0793592
Lois Freeman-Fox,0293626
Lee Smith,0809059
Michael J. Duthie,0244780
Sandra Adair,0010471
William Steinkamp,0826119
Niven Howie,0398167
Brett M. Reed,0715336
Steve Mirkovich,0592427
Jacqueline Cambas,0131311
Ballu Saluja,1022139
Michael Chaskes,0153881
Fabrice Rouaud,0745512
Jaume Vilalta,0897354
Pamela Martin,0552863
Frank Reynolds,0721719
Stu Linder,0511742
Rick Finney,0278294
Marco Cavé,0147200
Jeff Betancourt,0079111
Kit-Wai Kai,0434988
Debra Neil-Fisher,0624705
Tony Mizgalski,0594587
Jon Poll,0689343
Tim Silano,0797803
Ron Davis,0205383
Jason Ballantine,0050541
James Lyons,0529071
Eddie Hamilton,0357835
Hans Funck,0298600
Curtiss Clayton,0165679
Armen Minasian,0590970
Lawrence Jordan,0266377
Kate Sanford,0003237
Mayin Lo,0516326
Sloane Klevin,0459381
Christopher S. Capp,0135440
Pip Karmel,0006729
Sanjay Sankla,0762861
Steven Cohen,0000712
David Freeman,1859988
Alan Cody,0168560
Michael R. Miller,0588998
Paul Heiman,0374219
Michael A. Stevenson,0829007
Jack Hofstra,0389459
Lee Percy,0672915
Doug Abel,0003575
Harry Keramidas,0004637
Zach Staenberg,0821205
David Wu,0628747
Ray Hubley,0399523
Terry Blythe,0090060
Satoshi Terauchi,1552248
Nelly Quettier,0582848
Allyson C. Johnson,0424489
Sung-Won Hahm,8353730
Michelle Botticelli,0098676
Jun'ichi Kikuchi,0452839
Pascale Chavance,0154439
Carol Littleton,0514746
Terry Rawlings,0712625
Mike Fromentin,0296339
Yann Hervé,0381198
Steven Ramirez,0708385
Priscilla Nedd-Friendly,0623979
Christopher Tellefsen,0854403
Dana Congdon,0174603
Kristy Jacobs Maslin,0414504
Ben Yeates,0946713
Regina Sobel,1032797
Cara Silverman,0798889
Eric Carlson,7472735
Jeff Freeman,0293435
Robert L. Tomlinson,1073755
Colin Green,0337733
Steve Hamilton,0358168
Nicholas Beauman,0064555
John Binninger,0083075
Masahiro Ônaga,0648514
Madeleine Gavin,0310553
Christer Furubrand,0299167
William Hoy,0398343
Colin Campbell,0132331
Ernest Blasi,3216812
Norman Buckley,0118665
David M. Richardson,0724495
Charles Bornstein,0097132
Larry Fessenden,0275244
Gregg Featherman,0269948
Margaret Goodspeed,0329390
Jerry Stayner,1460248
Sidney Levin,0505720
Howard Flaer,0280825
Martin Brinkler,0109599
Alexander Berner,0076670
Heidi Scharfe,0770131
Rudi Heinen,0374375
Chi-Leung Kwong,0477274
William Young,9252717
Melody London,0518755
Jinlei Kong,0465035
Alan Oxman,0654601
Santiago Ricci,0723250
Bert Rijkelijkhuizen,0726897
Juliette Welfling,0919761
Karl Sodersten,0812047
Andy Blumenthal,0089805
E.S. Josephs,1300170
John Helde,0374943
Stephen R. Myers,0616859
Tony Lawson,0493339
Sunij Asavinikul,0038407
Paul Mortimer,1714432
Edward G. Norris,0635799
Annette Davey,0202697
Mustafa Presheva,0002939
Robert Barrere,9680421
Georges Klotz,0460109
Camilo Antolini,0031176
Inge-Lise Langfeldt,0486366
Andreas Marschall,1098492
Mona Bräuer,0117538
Luciana Pandolfelli,1007824
Suzy Elmiger,0255440
Jan Kovac,5552644
Esmeralda Calabria,0129232
Yoshiharu Nakagami,1077476
Brian Berdan,0002644
Christian Nauheimer,0622574
Im-Pyo Ko,0461905
Natalya Kucherenko,7286493
Merzin Tavaria,1762350
Guillermo Represa,0720123
Richard Trevor,0872481
David Dhawan,0223522
Tina Imahara,0408018
Marina Baulina,0062047
David Gamble,0303775
Adam Ross,0743175
J. Kathleen Gibson,0317004
James Strauss,0999861
Miran Miosic,0591870
Randy Carter,0003739
Rashida Abdel Salam,0008099
Chris Lofing,3951039
David Bialos,1776060
B. Lenin,0501921
Myron Kerstein,0450005
Justine Halliday,0356571
Andi Armaganian,0035243
Bernard Sasia,0765876
Paul Wynne,0944047
Adam P. Scott,0778788
Lidiya Milioti,0587483
Cass Vanini,0889142
Giorgos Triandafyllou,0872522
Pablo G. del Amo,0215327
Nita Chivulescu,0158484
Masaki Yaguchi,5315785
Nicholas Goodwin,9764066
Branislav Godic,0324050
P.R. Soundarraj,5705104
Horst Reiter,0718589
Fabio Ferranti,0273933
Manuel Rodríguez,1592960
J.D.G. Raju,2327113
Stefan Sundlöf,0839200
Orlando Vinarao,1284712
Alain Dessauvage,0220918
Craig Bassett,0060202
Atom Rothlein,0745210
Valentina Girodo,0320934
Andrée Davanture,0202505
Jacob Craycroft,0187044
Greg Tennant,0003521
Leo Leung Chan,6032889
Angelo Nicolini,0630415
Hung Poon,0398861
Albert Jurgenson,0432926
Michael Alberts,7641859
Daniel Sadler,0755525
Anne Lafarge,0480707
Angie Lam,0482560
Robert Vasadre,0890304
Brett W. Bachman,3967596
Fergan Chávez-Ferrer,1834558
Marlo Miazga,0583978
Ume Takeda,0847495
Emmanuelle Castro,0145530
Bahram Beizai,0067323
Björn Wagner,1037587
Ranjan Abraham,1498355
Christopher Martini,0553790
Madlene Radicheva,1011989
Craig Kitson,0457738
Jay Reid,4543542
Pim Verdonk,0893877
John Kutty,5423520
Sylvain M. Lebel,2894136
Beena Paul,0082736
Lukas Colombo,3678492
Loren Squires,1482384
Yôsuke Yafune,0944871
Trevor Mirosh,0592262
John M. Larson,0489019
Marc Tobias Winterhagen,1078290
Dominique Pâris,0673821
Kwok-Wing Leung,0504965
Judit Czakó,0194332
Mark Dosman,0994674
Robert Styrbjörn,0648131
Heather Goodwin Floyd,1108060
Mauro Adamzyk,0011551
Yannick Kergoat,0449323
Thierry Villeneuve,0898306
Osamu Tanaka,0756964
Abbi Jutkowitz,1631659
John DeJesus,10993162
Shôji Sakai,0756966
Banish Shah,1100070
Joshua Bovinette,1393193
Alexandra Kouri,2643205
Richard C. Currier,0193015
Laureano Rizzo,1387056
Mariusz Kus,2953308
Ben Burtt,0123785
Pam Wise,0936392
Arthur Coburn,0167986
Daniel Rezende,1179870
Michael Horton,0395649
Hervé de Luze,0217959
Michael Kelly,0446672
Gaspar Noé,0637615
Saar Klein,0458964
James Haygood,0371307
Chris Gill,0318639
Darren T. Holmes,0391789
Emma E. Hickox,0382781
Andrew MacRitchie,0534343
Tom Rolf,0738196
Eric Zumbrunnen,0958641
Troy Takaki,0847258
Nicolas De Toth,0211965
Nick Moore,0601680
Mia Goldman,0325858
Dennis M. Hill,0384190
Stuart Gazzard,1164744
Françoise Bonnot,0095089
Ryan Folsey,0284393
Nicolas Trembasiewicz,1229113
Sharon Rutter,9721035
Curran Pang,1323871
Justin Krish,0456974
Jon Gregory,0339856
Barry Alexander Brown,0113084
Nick Fletcher,0282081
Greg Parsons,0663830
Roger Bondelli,0004117
Susan E. Morse,0607673
Paul Knight,3572929
David Siegel,0796915
Nicholas C. Smith,0809449
David Rennie,0719679
Johan Söderberg,0845465
Lyudmila Feyginova,0270828
Patricia Bowers,0101089
Neil Marshall,0551076
José Salcedo,0757814
Anthony F. Rocco,1063709
Michal Leszczylowski,0504576
Jae-beom Kim,1197989
Walter Murch,0004555
Robert A. Ferretti,0274729
Jeff Gullo,0347836
Aram Nigoghossian,1207335
Don Zimmerman,0956699
Steven Rosenblum,0742475
Nobuyuki Takahashi,2582424
Danny Pang,0659380
Chris Ridsdale,0726035
Stuart H. Pappé,0660661
John Axness,0043560
Naomi Geraghty,0313885
Paul Rubell,0747824
Scott J. Gill,0318733
Stéphane Pereira,0003347
María Luisa García,0305324
David Coulson,0183473
Amy Budden,9952630
Bipasha Shom,1070300
Paul Marshal,0550708
Patrick Flannery,9298509
Dov Hoenig,0388516
Lesley Walker,0907970
Danny Saphire,0764562
Freeman A. Davies,0203710
Megumi Uchida,2034037
Debra Goldfield,0325597
Veronika Jenet,0353074
Casey Affleck,0000729
Tara Timpone,0863806
John Gilroy,0319673
Ronald Sanders,0761697
Kristina Boden,0090867
Mark Sanders,0002828
Steven Weisberg,0918728
Colin Monie,0598114
Michael Fallavollita,0002412
Jim Clark,0164083
Michael Bradsell,0103457
Gary Levy,0506418
Dirk Westervelt,0922709
Richard Halsey,0357041
Guy Bensley,0072424
Martin Hunter,0402950
William A. Anderson,0027586
Bela Segal,0781756
Timothy Alverson,0023398
Stefan Ciupek,0162989
Andy Keir,0445140
Nuri Bilge Ceylan,0149196
Anne Sopel,0814620
Mark Warner,0912536
Jim Munro,0613134
Mark Shearer,1400696
Peter Lee-Thompson,0498521
Jeffrey Cooper,1990395
Francine Sandberg,0761260
Bert Kish,0457178
Humphrey Dixon,0228850
Terry Chambers,0150453
James E. Tooley,0867498
Iwao Ishii,10291031
Lucia Zucchetti,0958334
Hyun Kim,0453479
Mike Flanagan,1093039
Dean Holland,0390657
Pernille Bech Christensen,0064940
Cristina Otero,8139120
David Codron,0168549
Suresh Ayyar,0044064
Christopher Hink,0385769
Óscar Figueroa,0276749
Susan Littenberg,0514481
Jim Miller,2638285
Daniel Melguizo,1221315
Luc Barnier,0056086
Nick Rotundo,0745486
Mags Arnold,0036545
Timo Linnasalo,0513044
Justin Lin,0510912
Jill Savitt,0767817
Amit Saxena,0768289
Zenya Ohara,5471888
Sun-min Kim,1030527
Massimo Fiocchi,0278392
Brian Gonosey,1292424
Yosef Grunfeld,0344622
Susan Shipton,0794156
Véronique Parnet,0663221
Susan Maggi,0535965
Bunty Nagi,1364107
Sabine Hoffman,0389259
Mario Battistel,0061452
Seth Anderson,1511744
Roberto Bolado,0971673
Toby Yates,0003523
Marshall Harvey,0367630
Don Brochu,0110519
Brent White,0924544
Thierry Derocles,0220496
Angelo D'Agata,5687191
Andy Peterson,2545085
Paul F. Ryan,0752783
José E. Alvarez,4410246
Sylvie Landra,0484981
Philippe Bourgueil,0099975
Danny Gloria,0323018
V.N. Mayekar,0562307
Sophie Brunet,0116212
Basavaraj Aras,3367827
Shirish Kunder,1145655
Hemanti Sarkar,0765266
Monika Schindler,0771858
Kevin Ford,0285738
Jay Ishimaru,6380939
Naomi Peres-Aviram,0673370
Sabine Mamou,0541148
Marguerite Renoir,0064497
Morten Giese,0317442
St. John O'Rorke,0642521
Michael Balson,0051160
Kasper Leick,0500099
Krishna Reddy,0007161
Marya Ignacio,0407180
Mostafa Kherghehpoosh,0451606
Jeremy Presner,0006359
Joe Solo,9490442
Alessio Doglione,0230510
Du Yuan,1307127
Anthony Cerniello,1244289
Joy Zimmerman,0956732
Mark Jenkin,1985490
Monica Goux,0332792
Jamil Nelson,1228423
Tracey Wadmore-Smith,0905603
Takuya Taguchi,0846628
Tony Marsiglia,0437257
Rick Casale,2478760
Goran Guberovic,1141482
P.C. Mohanan,1502161
Ravi Patnaik,0665680
Mark Fitzgerald,0280323
Abbas Ganjavi,0304402
Bernd Euscher,0262386
Luis Villar,8514422
Dariush Mehrjui,0576529
Charles Hasse,0368380
Krishnam Raju B.,0044597
Rene Tala,0847772
Fernando Guariniello,0345372
Subodh Roy,0747192
Naoki Nagao,0619139
Rios Raul,1852250
Anne Boissel,0092360
Joe Landauer,0484498
Mateo Herrera,0380478
Ekaterina Kozhakina,6968834
Carlo Gustaff,0348960
Ernesto Aguilar,1009747
Abraham Lim,0510499
Patricia Roda,1664113
David Doncel,2343229
Vicente Perez,9954673
Stanley Alwis,0023622
James Pafford,1543948
Jutta Brandstaedter,0104837
John Ta,0845812
David Farinelli,9471579
Jo Ann Kaplan,0438272
Jamie Selkirk,0783241
Dan Lebental,0495603
Molly Malene Stensgaard,0826663
David Ian Salter,0759053
Sophie Fourdrinoy,1189343
Jacopo Quadri,0702741
Victor Du Bois,0238848
Robert Hoffman,1382207
Donald Halliday,0356550
Nancy Richardson,0724706
Tim Mertens,0581580
Michael Arlen Ross,0743683
Gerry Hambling,0357421
Elliot Graham,0971680
Scott Hill,3009548
J. Larry Carroll,0140836
Kate Evans,0262936
George Folsey Jr.,0284390
Vincent Gallo,0001252
Raúl Dávalos,0003528
Augie Hess,0381436
Alexandre de Franceschi,0208429
Monica Coleman,0171165
Gus Van Sant,0001814
Robin Sales,0758128
Charles McClelland,1783403
Antoine Vareille,0889579
Christopher Rouse,0002582
Michael L. Sale,0757938
Tirsa Hackshaw,0352575
Ki-duk Kim,1104118
David Rudd,2825046
Robert Brown,0114487
Rajib Biswas,1298259
Chris Kentis,0448900
Jeremy Simmons,0799792
Thanat Sunsin,1437713
Christopher K. Gee,0311516
Judith Rivière Kawa,1294541
Vladimir Mogilevskiy,1436623
Nicolas Gaster,0309423
Jim Jarmusch,0000464
Eric Strand,0003703
Corky Ehlers,0251204
Dave O'Brien,0639495
David Ray,0712801
Paul Seydor,0786732
Suresh Pai,0656664
Mark Livolsi,0515368
Dominique Brune,0994669
Stuart Levy,0506634
Robert K. Lambert,0483290
Takeshi Kitano,0001429
John Keitel,0445196
Mogens Hagedorn,0160208
Paul Tothill,0869375
Samuel Craven,0186640
Jeff Wishengrad,0936535
Shawna Callahan,0130256
Robert Pulcini,0700301
Bryan Oates,0643083
Bernat Vilaplana,1253632
Lisa Robison,0733223
Alex Mackie,0533491
Anne Østerud,0960321
Richard Nord,0621301
István Király,1547634
Maysie Hoy,0398335
Wynn Hougaard,1149177
Alison Grace,0333315
Scott Conrad,0175722
Roy Sharman,0788946
Aarif Sheikh,1210799
Michael Chambliss,1095761
Harry Hitner,0386946
Leo Trombetta,0873451
Miles Barken,1116393
Dean McKendrick,1050216
Isabelle Dedieu,0214105
Bob Bring,0109499
Mauro Alice,0019570
Yorgos Mavropsaridis,0561430
Luis Alvarez y Alvarez,0023224
Mike Munn,0612965
Patrizio Marone,0549516
Peter Christelis,0159698
Gok-ji Park,0661824
Olivier Gajan,1132300
Brand Thumim,0862054
Michael Blieden,0088392
Dominique Petrot,0678142
Ángel Hernández Zoido,0379855
Ralph Brunjes,0116314
David Michael Latt,0490375
Dewi S. Alibasah,1144777
Nneka Goforth,0324625
Dominique Faysse,0269735
Ivan Bilancio,0082103
Peter Brandt,0104988
Alex Kendrick,1731937
Peter C. Frank,0291054
Alan Edward Bell,0068008
Michael D. Akers,0015214
Gregg Araki,0000777
Christian Gazal,0311048
Ulf Malmros,0540297
Bruce Lange,0486086
Jaroslaw Kaminski,0436722
Emer Reynolds,0721707
Gautham Raju,0707492
Garry M.B. Smith,1123367
Michael Pacek,0655191
Bernd Schlegel,0772150
Neerav Ghosh,1539214
K.R. Gaurishankar,1857724
Valérie Loiseleux,0518006
Frank Gutiérrez,0349356
K. Rajagopal,1474851
Peter Davies,0203899
Andrija Zafranovic,0951798
Roy V. Livingston,0515297
Julie Carr,0139764
Benoît Alavoine,1104549
John McGraw,2003478
Uli Schön,0774377
Julian Napier,0621029
Art Tejada,7882798
Ben Herlth,1093276
Pauline Dairou,0197423
Dan Gane,0304229
Douglas Aitken,1764652
Ruggero Mastroianni,0557870
Klára Major,0538199
Charlotte Disher,0228325
Ike Jarlego Jr.,0418729
Raja Gosnell,0331532
David Morwick,1235393
Leo Catozzo,0146294
Milena Martinelli,1509996
José María Biurrún,0084613
Tony Wei,6623196
Roland Dutzler,0244972
Andrew Weisblum,0918733
Mathilde Bonnefoy,0094850
Martín Mainoli,0969637
Adriano Tagliavia,0149053
Lance Cutter,1370443
Slaven Zecevic,0954105
Patrice Johnson,0425945
Tara Illenberger,0407770
Camille Toubkis,0869471
Dick Bartlett,0058885
Anwar Hossain Montu,5604204
Natsuhiko Kyôgoku,1550192
Martand K. Venkatesh,1156659
Carlos Fernández,2137431
Jean Cubaud,0190890
Rizwan Kassim,1435992
Jörg Baumeister,0062285
Michael Tyler,1097231
Chandra Sekhar Mishra,3443300
Jorge Andresson,1094932
John Axelrad,0006777
Touhid Hossain Chowdhury,10427716
Brian Schmitt,10881294
Natalia Gluszkiewicz,2944910
Andre Champagne,1996358
Christian Cuilleron,0191292
Tambet Tasuja,1315997
Tamara Lipartiya,0513421
Zsolt Bernáth,0077218
Calvin Swaim,1488489
Amzad Hossain,2613086
Gok Kim,3289246
Erik Lorentz,0520664
Thomas Fernandez,2786264
Edelgard Arndt-Rosenberg,0036165
Janet Bartels-Vandagriff,0058485
Brock LaBorde,1628965
Ioanna Spiliopoulou,0818803
Christopher Mora,3324412
Jesse Spencer,0817980
Kaveh Imani,1458933
Adri Schrover,0775609
Behzad Mosleh,2455212
David Betances,0079094
Diederik Van Rooijen,1082611
Makoto Shinkai,1396121
Mevlüt Kovac,4413607
Robin Burchill,1267903
Bob Note,3973631
Randi Hoffmann,1237924
Jessie Wallace,0908707
Rik Morden,0603283
Lee Amizadai,8001863
Joe Inge,0408711
Ann-Sophie Schweizer,0777836
R. Orlando Duenas,0002821
Stephen Schaffer,0769863
Chris Dickens,0225323
Jeremy Coon,1418538
Hughes Winborne,0003893
Mat Whitecross,1475971
Kevin Greutert,0340436
Martin Bernfeld,1353182
Tracy Adams,0011410
John Bloom,0089185
Bob Murawski,0613657
Mike Andrews,0028787
Timothy J. Borquez,0097297
Conrad Smart,1161478
Ken Blackwell,0085923
Thomas M. Vogt,0901113
Shane Carruth,1503403
Jeff Canavan,0133611
Marcus D'Arcy,0195451
Charles Ireland,0409851
Sabrina Plisco,0687331
Anuree De Silva,0211572
Long Cheng,0000329
David Charap,0152728
Celia Haining,0354327
Christopher Donlon,2240960
Virginia Katz,0441717
Manop Boonvipat,1818801
Bud S. Smith,0807573
Jim Mol,0596392
Alejandro Amenábar,0024622
Padraic McKinley,0571828
Karina Ressler,0720395
Yves Deschamps,0221040
Lisa Fruchtman,0296636
Stéphanie Gaurier,0310177
Roderick Davis,0205377
Dominique Fortin,0287295
Angela Robinson,0732374
Janus Billeskov Jansen,0418011
Michele Conroy,0003441
Sam Sneade,0810929
Aarti Bajaj,1589714
David Blackburn,0085589
Tina Baz,0063266
Chi Wai Yau,0946872
Chantal Hymans,0405211
Affonso Gonçalves,0328557
Hirokazu Koreeda,0466153
Trevor Ristow,0728479
Kyeong-hie Choi,1480860
Ken Filewych,0276879
Stevan Mena,1496042
Mitch Lackie,0480134
Peter Mergus,0580717
Dmitriy Kiselev,1279950
Ritesh Soni,1191112
Sabine Hubeaux,1076829
Thomas Täng,0879368
Phillip J. Bartell,0058442
John Richards,0724164
Catherine Schwartz,0777173
Blair Daily,0197350
Anand Subaya,1335868
Scott Gray,1453555
Avril Beukes,0079567
Sachiko Miki,0586526
Susan Graef,0333638
Hansjörg Weißbrich,0919443
Fernando Pardo,0661097
Matt Davis,0205127
Michael Ellis,0003920
Frances Parker,0662241
Sanjib Datta,0244903
Jay Mathews,6652527
Rameshwar S. Bhagat,1715762
Jochen Retter,0007148
Christian White,10948673
Jennifer Augé,0041991
Mollie Goldstein,1549338
Christopher Robin Bell,1789755
Stephen Lovejoy,0522490
Brian McNulty,0003074
Steve M. Choe,1986585
Sean Blake,1542230
Brian Anton,1079145
Masahiro Ugajin,1931252
Lee Chatametikool,0153974
Marie-Pierre Renaud,0719235
Hugues Darmois,0201459
D.N. Malik,1195440
John Sayles,0000626
Rabiranjan Maitra,0537977
David Gallart,1051468
Michelle Harrison,0365768
Stephen Adrianson,0003459
Renewin Alano,1193606
Mikael Enlund,1192623
Mariana Rodríguez,5535233
Herman P. Koerts,0462955
Yusuf Sheikh,0790867
Kuldip K. Mehan,2549968
Dava Whisenant,1316210
Pamela Power,1388208
Jean-Daniel Fernandez-Qundez,0704506
Serhan Kazar,1869240
Wadt Thomsen,0860948
Robbie Proctor,1245580
Amanda I. Kirpaul,0456850
Haihong Yuxi Zhang,0951195
Tom Siiter,0797666
Mastaneh Mohajer,1178900
Raja Mohammad,1527153
George Akers,0015205
Kimmo Kohtamäki,0463481
Natalia Akayomova,0015125
Sastha Sunu,1221898
Billy Rich,1093387
Glenn White,0924834
James Gavin Bedford,0066034
Alexander Hachko,2010746
Claudio M. Cutry,0193984
Mark Savage,0767339
Carroll Timothy O'Meara,0641839
Andrew Kowalchuk,0468550
Joel Negron,0624504
Motaz El-Kateb,1580795
Lynne Margulies,0252906
Vinod Pathak,2581711
Christopher Holmes,1701917
Joe Scott,1530254
Marie Castro,0145715
Alan Code,1143991
Ayassi,1095027
Uta Ayoub,0043949
Na-young Nam,1351337
José María del Peón,1101299
Adam Klos,1143424
Sherman Todd,0865285
Lilo Gerber,0314125
Claudio Cormio,0180075
Gene Graham,8881257
Dave Cohen,2580761
Carmelo Casalenuovo,1247909
Nyle Cavazos Garcia,0305165
James Adam Tucker,0875788
Yutaka Tsuchiya,0875239
Edward B. Sherman,0792428
Francisco Newman,2433819
Rogelio Salvador,1190941
Gerry Schuster,1893319
Elliot Fisher,0279477
James Cole,0170581
Unni Vijayan,1644904
Johnny Anders,1804398
Hiroshi Yamamoto,9579304
Yann Toderi,0865325
Mark Osborne,0651706
João Paulo Carvalho,0142458
Marielle Babinet,10726866
Don Hardy,2274615
Aaron Greer,1756584
Mike Roi,6145190
Gabriel Manwaring,4433088
Esther Lowe,8448266
Rob Forlenza,1645867
Nisa Hajiyeva,2686667
Andrea Stuart,1537881
Jon Gunn,0348197
Colette Culbert,0191346
Aristeidis Karydis-Fuchs,0297169
Valérie Condroyer,0174453
Kunihiko Ukai,0880317
Ken Caslis,3423139
Santi Pons,0690527
Gloria Vela,0892202
Károly Szalai,0843728
Glenn Andreiev,0028333
Edgar Lostaunau,0521402
Johan Holt Støving,1399290
Erik Knudsen,0461712
Dirk Göhler,1097079
Mika Ohmori,0648460
Erik Hammarberg,6029906
Gary Jenkins,2572721
Richard Diaz,0225039
Shawki Al-Obeidi,6801941
Marie-Pomme Carteret,0141998
Mikhail Yelshinov,2387848
Josh Smith,3543360
Reggie Coleman,2285169
Mehdi Hosseinivand,2934843
Michele Smith,0809366
Michael McCusker,0567331
Rian Johnson,0426059
Laura Jennings,1317996
Glenn Garland,2633415
Elliot Greenberg,1148952
Mark A. Hester,0381682
Tim Streeto,0834135
Paul Trejo,0871816
Mary Finlay,0277987
Dana E. Glauberman,0322159
Scott Chestnut,0156376
Matthew Cassel,0144048
Dan Molina,0007171
Christine Lucas Navarro,1233646
Claire Simpson,0800943
Michael Hudecek,0399692
David McCormick,4968475
Stuart Baird,0000829
Nash Edgerton,0003482
Michael N. Knue,0461774
Romesh Aluwihare,1220175
Richard Byard,0125693
Michael Doherty,0002711
Konstantin Bock,3041392
Joan Sobel,0811761
Jae-geun Choi,1598089
Tricia Cooke,0177504
Billy Fox,0288886
Nancy Baker,0048790
Kirk M. Morri,0606294
Kivanç Ilgüner,2243405
Glen Scantlebury,0769012
Richard Schwadel,0777035
Seth Gordon,1164861
Tony Leech,0498555
Deirdre Slevin,0805774
Jeff Warren,0912872
John Carpenter,0000118
Jacob Hunt,10736387
Steve Polivka,0689264
Warren Bowman,0101410
Nicholas Erasmus,0258608
Stratos Gabrielidis,0300314
Sander Vos,0903617
William S. Scharf,0770129
Marion Monestier,0597866
Adoración G. Elipe,0253679
Tiffany Hillkurtz,0002921
Anny Danché,1129781
Roberto Silvi,0799200
Nick Arthurs,0037864
David Jacobson,0414817
Keiichi Kojima,1979669
Steve Edwards,0250373
Justinian Buckley,1231743
Megan Gill,0318701
Philipp Stahl,0821485
Hans Canosa,0134396
Nigel Galt,0303348
Paul Jutras,0433274
Haines Hall,0355629
Miriam Nørgaard,0639166
Jeff Kanew,0437596
Hoi Wong,0939106
John Randle,0709818
Jan Northrop,0636123
Paula Talloni,2012204
Walter Fasano,0002576
Peter Fandetti,0266703
Davey Robertson,1401425
Andrew Dickler,0225565
Randall Miller,0589168
Robert Fisher Jr.,0279352
Christopher Cibelli,0161928
Jun'ichi Itô,2181392
Jaume Martí,1252389
Gorman Bechard,0064961
Igor Litoninskiy,2645782
Kristina Hamilton-Grobler,0358006
Tania Reddin,1269929
Irene Blecua,0006971
Ching-Song Liao,0508679
Neil Breen,3718935
Craig Alpert,0022397
Greg Tillman,0863397
Santosh Mandal,1390753
Oliver Grothoff,0343873
Keiko Deguchi,0214874
James Cullen Bressack,4097598
Dharmendra Sharma,1217908
Herbert Navasca,2419917
Sérgio Mekler,0577293
J.P. Luijsterburg,0002823
Jason Resmer,1868448
Per K. Kirkegaard,0456599
Rolmar Baldonado,2139299
Erkan Ozekan,1848783
Matt Friedman,0295302
Kant Pan,0659013
Glen Gooch,1580799
Enzo Meniconi,0579631
Harri Ylönen,1218384
Benjamin Duffield,0240451
Jeff Candelora,1888265
Simon K. Park,2944115
Mark Faulkner,10300637
Mujibur Rahman Dulu,4540430
Damian Skinner,1358194
Timothy Kendall,1300275
Cary Lin,1247041
Paul Dosaj,0234367
William Shaffer,2554088
Bill Coger,1883638
Pagoya Brothers,3184606
Miranda Devin,0222578
Boris Machytka,0532709
Ellen Ramos,1356277
Karen Akerman,1285883
Barbara Gies,0317407
Sascha Wolff,0938321
Kazuo Ishikawa,6878570
Will Benson,0072675
Nan Wei,4476264
Kasi Vishwanathan,1701311
Anna Wagner,9635432
Michael Laurence,0491136
Klaus Charbonnier,1345820
Terral MarQues,2279373
Roberto Martucci,0554362
Matt Knarr,6563450
Vishwanath Rao,1763796
Arlen Konopaki,3234826
Jean-Christophe Ané,1602616
Eduardo Barraza,6946208
Eric Morgret,1450740
Françoise Belleville,0068922
Emanuele Tiziani,4341395
Derek N. Twist,0878604
Aytekin Birkon,2149956
Sôichi Ueno,0880001
Emma Barry,7535477
Meagan James,0416755
Tyson Smith,2549790
Rustam Khamdamov,0451126
Daniela Kinateder,0454164
J. Robinson Wheeler,0003155
Leda Semyonova,0783978
Takis Giannopoulos,0946195
Carlo Francisco Manatad,4100750
Salehan Samsuddin,3087617
Zach Passero,1351446
Adam Salazar,0757664
Dan Steadman,4764983
Phil Peel,1667641
Jeremy Benson,2021453
Eva Pavlikova,0667733
Sushant Mani,3449168
Peter Weatherley,0915753
Viet Huong Nguyen,0629130
Erick Morris,1131275
Aaron Lubarsky,0523815
Ramiro Montes De Oca,1869625
Martin Hernandez,0380057
Hongyu Yang,9387778
Roberto Flores Prieto,2360541
Miguel Ángel Santamaría,0763249
John M. Broadhead,3600761
Arnie Schlissel,2611165
Audrey Maurion,0561191
Eloi Brignaudy,2957343
Josh Ethier,3991275
Ariel Fernández,0273402
Jonathan Stenton,3651370
Angelos Spartalis,2855173
Marcelo Andrade,6268592
John Cassavetes,0001023
Kathikuloth Praveen,3779318
Lucas Soruco,6715112
Wayne Mitchell,6300776
Stella M. Bisio,1905177
Adam Schram,2770173
Roger Gispert,2418942
Jeremy Frey,1955761
Ken Schretzmann,0775350
John Wright,0942461
Maryann Brandon,0104783
Kelly Matsumoto,0559525
Sean Albertson,0006366
Erika Dapkewicz,0200847
Sébastien Prangère,0695229
Douglas Crise,0187954
Chris G. Willingham,0932230
Jason Hellmann,1222653
Tom Costain,0182363
Lee Haxall,0370448
Alejandro Brodersohn,0110851
Fabienne Rawley,0712587
John K. Carr,0139758
Justine Wright,0942549
Joe Bini,0082994
James Herbert,2566469
Carlos Domeque,1350209
Brian A. Kates,0002529
Ken Solomon,0813367
Jane Moran,0602872
Gregg London,0518705
Clare Douglas,0234995
Josh Noyes,1407477
Mike Jackson,1034591
Eric Boyd-Perkins,0101964
David Lynch,0000186
Kevin Smith,0003620
Lori Ball,0050421
Jonathan Chibnall,0157157
Sean Presant,0696071
William Yeh,0947317
Jonathan Alberts,1183873
Anna Boden,1349818
P.S. Bharathi,3222742
Peter McNulty,0574097
Jon Price,1945101
Shigeru Nishiyama,0632820
Robert Ivison,1337238
Christopher Roth,0744802
James Ballas,0050699
Peter B. Ellis,0255030
Glenn Farr,0268021
Ryan Hensley,2491685
Tom Swartwout,0841946
Jeff Buchanan,1434016
Allan Lee,0496788
Camilla Toniolo,0867332
Paul D. Calder,0129484
Reynald Bertrand,1023981
Jake Pushinsky,1144284
Karim Benhammouda,0358830
Réka Lemhényi,0969563
Frédéric Thoraval,1754850
Joel Bender,0070482
Jeremy Stulberg,1697677
Bernard Gribble,0340795
Adam Boome,0095448
Joseph Gutowski,0349669
Nicky Ager,0012972
Byron Smith,1087821
Christian Lonk,0519539
Victoria Boydell,0101970
Steven Soderbergh,0001752
Neil Sadwelkar,2433307
Nicolas Sarkissian,1761784
Nathan Easterling,0247590
David Wharnsby,0923572
Roger Mattiussi,0560375
Fred Raskin,0711235
Isabelle Devinck,0222589
Benjamin Weill,1255286
Ned Farr,0268051
Stephan Blinn,0088478
Zeki Demirkubuz,0218547
Nicolas Chaudeurge,1095780
Jean-François Bergeron,0074445
Robin Katz,0441834
Susan Fitzer,0280164
Tad Seaborn,0780382
Joe McNally,0573608
Mathieu Morfin,1289799
Jin-hui Jeong,2529779
Julia Wong,0939167
Kinga Orlikowska,2213816
Kemalettin Osmanli,1723428
Jafar Panahi,0070159
Berta Frías,2450133
Pedro Filipe Marques,0549778
Steven Rasch,0711052
Juan Carlos Garza,2254150
Pedro Becker,2093803
Maxim Holodiuk,2241775
Åsa Mossberg,0609129
Shin'ya Tsukamoto,0875354
Stevan Filipovic,1194496
Sophie Vercruysse,1576947
Bill DeRonde,0220505
Mario Ontal,0648896
Matthew Talesfore,0848046
Jorge García,0306204
David Dodson,0230279
Kenn Kashima,0440556
Mohsen Makhmalbaf,0538532
David Michael Maurer,0561009
Shogo Hirasawa,7888189
Aleksey Bobrov,2540935
Janardhan,0417314
Stevan Maric,0547171
Jazzmyn Banks,1471727
Sverrir Kristjánsson,1810249
Amedeo Giomini,0320255
Wade Taves,0851738
Jeanne Kef,0444872
Eric Osmond,0652111
Belal Ahmed,2620519
Clare Johnson,1740127
Lav Diaz,0225010
Blake Calhoun,0129898
Boaz Leon,0502454
Hadiya Yisrael,10190459
Peter Frey,7901229
Lewis Schoenbrun,0006955
Alex Zito,1409139
Nick Scown,1820664
Jackson Lee,4888109
John Ross,0743538
David A. Cross,1370422
Nicolas Bancilhon,1174995
Robert Estrin,0002333
Pedro Ribeiro,0722922
Benji Samit,1658012
I.M. Kunnu,1172538
Stephen Patrick Walker,1926156
Olga Grinshpun,0342479
Berta Senra,2820739
Bibhuti Bhushan,1397352
Dina Farouk,1761737
Dani Beltran,2176864
Danny Añonuevo,1522243
Chan-fu Cheung,2361883
Chris Thorndyke,0861346
Min-kyeong Shin,1315834
Ahmad Mustadha,2770169
Tessa Davis,2346838
Carlos Candela,1977417
Zsuzsa Csákány,0190793
Timo Koivusalo,0463581
Pascal Cardeilhac,2276465
Harold Brodie,1341976
Aqeel Ali Asghar,2255559
Tim Wellburn,0919831
Alexandre Saggese,1750280
Nitin Dixit,2587508
François Quiqueré,1032117
Korey Coleman,2055768
George Butiri,2268086
Andreia Bertini,1985129
Dörte Völz-Mammarella,0905062
Stefan Lindström,8581353
Soledad Salfate,0758160
Carlo Rizzo,1990642
Bevan Bell,1533555
Rowan M. Ashe,1383922
Eric Jenkins,0420838
Matt Evans,2381071
Brian Lupo,4034940
Jeff Faulkinbury,2409913
Nicola Undritz,0881055
Frankie Frain,2163736
Jacques Comets,0173790
Igor Medvedev,2160679
Vinz Feller,1161568
Greg Robbins,0730355
Zahos Samoladas,2666787
Tom Walls,0909398
Hassan Ayoubi,1023900
Gemal Woods,2347396
Hassan Hassandoost,0368359
Spyros Kokkas,0463718
Bad Otis Link,2291222
Justin Dray,0237267
Hélène Duchemin,3782370
Thomas Brandt,6060271
Yibran Asuad,1990586
Christian Roy,0746963
Bryan Keith Davis,1973789
Casey Barclay,1872645
Kevin Strange,2970193
Péter Tímár,0879423
Sepideh Abdolvahab,2345207
Raymond Gonzalez,8411679
Lorna Santiago,2247772
Daniel Ruiz,9422715
Antonio Roma,2316348
Asko Kase,1857733
Giuseppe Pagano,9667169
Dayana Gauthier,3546507
Justin MacCarthy,5022500
Kurt Davis,4467623
A. Aslanova,2461788
Osvaldo Suárez,2565347
Maria Zimmermann,1308605
Fabián Bianco,2257447
Dario Marinoni,4639563
Rukmal Nirosh,1550987
Tom Muldoon,0611763
Angus Wall,0908370
Mark Day,0206504
Hunter M. Via,1121207
Art Jones,1713719
Monika Willi,0929889
Jeremiah O'Driscoll,0640927
Beverley Mills,0589914
Ethan Maniquis,0542450
Neil Grieve,0341040
Deepa Bhatia,0080289
Elena Ruiz,1302095
Oren Peli,2305431
David L. Bertman,0002706
John Refoua,0716350
Dan Zimmerman,0956688
Valerio Bonelli,0094269
Richard Marizy,1214886
John Damien Ryan,0752633
Miklos Wright,0942661
Colby Parker Jr.,0662012
Paul Mullen,0612039
Tony Cranstoun,0186521
Patrick McMahon,0573073
Julian Gilbey,1402202
Simon Cozens,0185490
Marc Beroza,1986233
Sue Blainey,0086180
Jonathan Woodford-Robinson,0940270
José Luis Romeu,2418479
Greg Babor,1219328
Jay Friedkin,0295058
John Breinholt,0106942
Marty Levenstein,0505278
Michael Matzdorff,0560697
Julien Lacheray,1780517
Enara Goikoetxea,0989293
John Erick Dowdle,0235719
Stéphane Roche,1920230
Megan Gill,
Jo Francis,1308201
Frank J. Urioste,0881973
Dana Bunescu,1274442
Jana Fritsch,0295981
Mike Banas,0051559
Kate Coggins,1849868
Søren B. Ebbe,0247944
Dominic Leung,1601640
Julian Clarke,1026592
Bosco Cline,2624271
Anna Märta Waern,1168362
Aleshka Ferrero,0274668
Amnon David,0202814
David Checel,0154813
Amitabh Shukla,1918446
Britta Nahler,0619582
Geoffrey Rowland,0746697
Paul Zucker,0958393
Melanie Oliver,0646941
Jorge Macaya,1550471
Mark Conte,0176249
Josiah Thiesen,4026162
Hemanth Kumar,3131753
Adrian Rostirolla,1761782
Matthew Brulotte,2054498
Anna Mass,2694159
Elizabeth Kling,0459703
Laure Gardette,1136185
Arik Lahav-Leibovich,0495871
Michel Aller,0021236
Yana Gorskaya,1251520
Dana Shockley,0794681
Natalia López,2254746
Anna Biller,0082366
Engin Ozturk,1551102
Jabeen Merchant,1213521
Samu Heikkilä,0003646
Daniel R. Padgett,0655659
Lane Baker,0048677
Renaud Rouverand,1425925
Monica Salazar,5006914
Kathleen Stratton,7176523
Sylvie Ballyot,0050948
Mike Sarti,2632331
Gordon Williams,0930684
Ernesto Contreras,0176496
Adam Sobocienski,2635533
Anne Carter,0141468
Baris Denge,2679652
Sanjeev Mirajkar,2126943
Gustavo Giani,1250028
Rick Fields,6148955
Amit Pawar,1391064
Les Healey,0372264
Jessica Kehrhahn,0444983
François Dompierre,0006042
Marie-Josée Audiard,0041561
Catherine Dubeau,0239240
Branka Ceperac,0148395
John Lafferty,0480800
Claudio Di Mauro,0224071
Eusebio Pastrana,2822665
Martin Wolf,4043583
Ricardo Javier,6695842
Sigfrido García,0305597
Dante Wyatt,2910073
Aylin Tinel,0863902
Vivek Harshan,2574962
Don Adams,0010915
Erkan Tekemen,3301349
Ahmed Hafez,2620764
Kumi Okada,0645419
Andrew Cohen,0169212
Jennifer Noonan,1226002
Sun-duk Park,0661953
Alex Kopit,1203189
Erik Lundmark,0526528
Anthony M. Winson,5541436
Jan Danhel,0199537
Vidar Flataukan,0281266
Albert Akst,0015573
Michael P. Shawver,4019350
Jordan O'Connor,4809538
Alex Galvin,0303440
Al Clark,1685836
Zafar,2513556
Jay Halili,2373205
Rodrigo Stoicheff,3013127
Hsiao-Tong Chen,0155242
Billy de Leon,2774767
Mike Marzuk,1502159
Dominique Lefever,0498921
Ray Gibraltar,2884924
Brent Bambic,1278446
Smith Timsawat,0810168
Akiyoshi Sugiura,3159427
Matthew Hencke,1944970
Carlos Menor Navarro,2188882
Mark McNabb,2240191
Anderson Chen,2838541
Stefano Odoardi,2961323
Ricardo Miranda,1424155
Idê Lacreta,0480286
Alberto Ponce,0690252
Nili Feller,2938392
Martin Gravel,5258314
Albina Antipenko,0031098
Praveen K.L.,3164715
Slaven Jekauc,1178652
Erol Altunbay,2352810
David Aslan,2414097
Simon Wykamp,3362896
Frank Farmer,0267746
Piotr Szczepanski,0843840
Jonathan Straiton,2410382
Claire Ferguson,0272398
Jochen Kunstler,0006717
Derek Wayne Johnson,2361932
Liene Balina,2318038
Anders Albjerg Kristiansen,1987336
Mario Stahn,0821520
Julie-Anne De Ruvo,1298955
Lorena Moriconi,1402987
Lisa Smithies,2285206
Alexander Aberle,0013862
Christopher Zuber,2140517
Bryan Weeks,3891663
Anthony J. Rickert-Epstein,2204477
Robin Campillo,0133028
Lauren Brazil,2135677
Thomas L. Phillips,1701136
Venugopal,0893447
Alex Luna,7741292
J.F. Dufault,4199999
David Betancur,3806682
Jean-Pierre Jeunet,0000466
Gustavo Seisdedos,2820180
Rainer Stüsser,1253360
Noah Osterman,8592262
Edwin Brienen,0108889
Rick Kingerski,2813277
Joe Klotz,0460114
Michi,0112868
Haruo Inoue,9509802
Masanori Tsujii,0875314
Jens Dieste,2885403
Daniela Roderer,0734595
Chantal Delattre,0216516
Luz Villegas,1439384
Yoshifumi Fukazawa,1216490
Shiu Fung,2458628
Adrienne Fazan,0269751
Giannis Karabinis,7468404
Luigi Mearelli,2285856
Spencer Averick,2589786
Benny Kraft,2501697
Nick Bailey,6228820
David Bryant,0117087
Yuriy Karikh,9198683
Sean Solan,1205152
Phill Ragland,1360604
John McKinney,0571885
Anastasis Efentakis,2855405
Balvinder Bassi,5021665
Kirk Baxter,0062775
Chris Innis,0409197
Michael Ellis,0963400
Josh Campbell,1061091
Clare Knight,0208005
Joan E. Chapman,0152406
Matthew Newman,2482864
John Ottman,0653211
Tomas Alfredson,0019247
Eric Kissack,1749554
Gregory Nussbaum,0638268
Brady Heck,1724985
Sam Seig,0782535
Hayao Miyazaki,0594503
Jeff Malmberg,0540220
Bill Murphy,0614779
Joe Walker,0907863
Tim Nordquist,0635183
Camille Delamarre,0216214
Anthony,3597101
Marcela Sáenz,0844576
Charles Kaplan,1556182
Andrew S. Eisen,0251948
Heather Persons,0675537
Richard A. Harris,0365239
Kevin Stewart,2631847
Tia Nolan,0003330
Brian Ravok,0712528
Zack Arnold,2094093
Todd E. Miller,0589447
Alexis Chavez,7211388
David Martin,0552157
Joel Viertel,1229221
Barney Pilling,1306189
Phillip Blackford,1255590
Pablo Zumárraga,0958661
Gregory Plotkin,0687427
Christopher Kroll,0472039
Robert Brakey,0104129
Jay Lee,2068880
Bill Ebel,2838269
Mark Solomon,0813390
Jun'ichi Itô,6884912
Julian Rodd,0734453
Akimasa Kawashima,0442908
Jeremiah Munce,1409133
Yoshihiro Nishimura,1883583
Marc Leif,0500139
Sean Barton,0059247
Shree Narayan Singh,3109648
Blake West,1231010
Jeffrey Steinkamp,2114397
Jeff McEvoy,0003921
Kako Kelber,0374860
Stéphane Garnier,5658231
Anders Refn,0716343
Rachel Tunnard,2074041
Scott Richter,2980417
Jacob Secher Schulsinger,1859287
Julie Rogers,0736984
Struan Clay,1918650
Peter Gvozdas,2000224
Sven Budelmann,0118967
Karen Porter,0692182
Justin C. Green,0338032
Albert Cadabra,0374025
Michael Trent,0872160
Kelly Reichardt,0716980
Alain Jakubowicz,0416039
John Lyde,1439346
Guy Lecorne,0496327
Andy Grieve,2258268
Leo Scott,4551784
Shyamal Karmakar,1248474
Giorgos Helidonidis,1251667
Ying Zhou,8543310
Charlie Renfrew,4859068
Atish Dey Sarkar,3388486
Christopher R. Mihm,2265115
Marcelo Moraes,1332690
Brett Hedlund,0373338
Elísabet Ronaldsdóttir,0739894
Adrian Sitaru,1138158
Sarah Mouta,3026895
Mariya Sergeenkova,2353467
Ben Hawker,4011018
Jorge Firdman,0278619
Yogesh G. More,4498784
Tanner Stauss,2196885
Dora Vajda,1100774
Branan Edgens,1322718
Chris McGuinness,2095294
Seth Packard,1759408
Shilpa Sahi,1804557
Ivan Davidov,2673889
Ian Strang,4594015
James P. Villeneuve,0898293
Nate Osborne,2728018
Hari Nandamuri,1283909
Arghakamal Mitra,0593942
Jacek Tarasiuk,2048590
Stacey Edmonds,1732415
Gustavo Adrian Garzon,3126261
Steven Richards,0543041
Lionel Chok,2087465
Sean Baker,0048918
Giedre Beinoriute,2062513
Isazaly Mohd Isa,0595968
Maria Lindberg,0511390
Marcos Hervera,2143096
Yann Malcor,0539156
Michael W. Driesch,0237885
Joyce Brand,1095477
David Mallet,0539950
Elsbeth Kasteel,0440933
Yash Surve,1091397
Georg Söring,0003221
Merel Notten,0636624
Joshua Duncan,2112136
Don Max,2446859
Jürgen Ludwig,1145767
Mark J. Doddy,1616133
Corey Bishop,4888487
Isabelle Malenfant,0539352
Mathew Fisher,4161712
Carlos Espinosa,9019830
Scott Kunkle,3243372
Upendra Kumar J.,4207191
Josh Moody,2628730
Matthew McArdle,2100227
Scott C. Halford,2534480
William d'Anthony,2302781
Ron Pohnel,0688393
David Dietrich,2655305
Rita DaSilva,0274263
Dave Miller,7093035
Tom Morningstar,2292767
Ken Castellano,3101307
Andrew Haigh,0354091
Peter De Kemel,9699226
Andrew Ortner,1003514
Steven Baker,1684756
Leonardo Armas,2908071
Rusty Apper,2488741
James Westby,0922487
Matias Meyer,1764606
Manuel Iglesias,0407125
Uttam Roy,10730453
Russ Camarda,2075456
Iain Laird,2052405
Simon Modery,1745351
Paco Cózar,2926543
Farnaz,1238790
James Breen,2041748
Joan Baran,2549671
Jaron Whitfill,1853422
Terisa Greenan,1043312
Mathieu Gaspard,3053309
Michael A. Anderson,3711834
Sean Ashley,8760573
Raymond Steers,6775407
Mateusz Jemiol,3210169
DeMar Richardson,3663017
Colin Hickey,5948957
John Gross,7365819
D.C. Smyer,5737517
Ray'mone,3092864
Karl Benacci,3236197
Michael Bartkowiak,3517417
Bède M. Ganafé Mofédog-na,2667824
Wilson Stiner,3236209
Lucas Langworthy,2862428
Bryan Caron,2666579
Jason Gerbay,3236412
Pablo Franco,1519394
James Cameron,0000116
Kevin Nolting,0634530
Jeff Draheim,0236806
Jabez Olssen,1288150
Christopher Murrie-Green,1543945
Rajkumar Hirani,0386246
Ralph Foster,1303915
Nigel de Hond,4804094
Peter Lambert,1702072
Marc Boucrot,1147144
Richard Learoyd,0495238
Giancarlo Ganziano,0304694
Matt Villa,0897637
Dean Zimmerman,0956693
Jim Flynn,1467567
Joyce Arrastia,0037167
Paul Covington,0184499
Nick Kenway,0448944
Mark Talbot-Butler,0847986
Cynthia Ludwig,0524991
Lisa Gunning,1265913
Marc Jakubowicz,0416045
Jon Corn,0180083
Adrian Younge,2934771
Andrew Coutts,1009894
Lisa Bromwell,0111372
Anthony Boys,2363648
Dean Goodhill,0328924
Ti West,1488800
John Pace,0655138
Joseph McFadden,0568682
Andy Canny,1862588
Rod Dean,0212933
Alex Hall,0355285
Mark Eckersley,0248595
Jeff Kushner,0002946
Sandy S. Solowitz,0813568
Tim Mirkovich,0592428
John Quinn,0703890
Robert Anich,1836064
Fabienne Alvarez-Giro,0023341
Alex Rodríguez,1008771
Rob Neilson,1038039
Christopher Dane,2297708
Robert Hall,2131630
Ryan Brown,0114619
Matthew Linnell,1165980
Jason Stewart,0774238
Keith A. Cox,1397622
Jason Gallagher,2177550
Jeff Lew,0506703
Brad Katz,1375461
Conor O'Neill,2736817
Nathalie Alonso Casale,0002677
Jake West,0922115
Jamin Winans,1985821
Aaron Schneider,0773689
Sean Carter,0141934
Damien Chazelle,3227090
James Kerwin,0450123
Rene Ross Garza,2217477
Mark Everson,1121646
Rona Lean Sales,2891978
Roberto Girault,2434397
Pate Walters,1961587
Steve Schmidt,3698071
Stacy Davidson,1924108
Françoise Bernard,2797157
Jack Hutchings,1406865
Jeff Castelluccio,1556887
Rajeev Gupta,0348491
Rick Johnson,0002593
Van Rieben,4299121
David A. Davidson,0203281
Scott Ferril,0274837
Tom Wilson,0001855
Joel Rutkowski,1872286
Srinivas P. Babu,5923949
Marco Pav D'Auria,0195558
Dennis M. O'Connor,0640298
Nico Leunen,0504895
Mat Gerow,3126854
Jackie Dzuba,0246239
Christian Behm,2037511
Jacob Gentry,1402180
Alex Corini,4577135
Monica Anderson,0027224
Danny Draven,0237236
Ron Atkins,0040646
D.W. Thomas,2374154
Chris Green,3138626
Frédéric Zamochnikoff,6111802
Ben Bachelder,2501736
Rafael Mendoza,5715934
Alessandro Sabbioni,4457305
Elliot Diviney,2631015
Babak Jalali,2171652
John Coniglio,0174646
Melanie Jankes Golden,2502981
Damien Valentine,3426117
David Dusa,2573820
Raymund Buenaventura,3727417
Chase Rees,2508137
Shankar,0536708
Juliette Haubois,1385383
Tyler Earring,2616515
Eamon Glennon,1863398
Philip Roy,2781768
Dennis C. Salcedo,0757800
Adele Romanski,1532846
Petar Markovic,0548665
Chintu Singh,3260897
Mark Daniel,10011308
Fred Noël,1269667
Aldo Alvarez Morales,3721317
Kiyoharu Miyazaki,3473469
Thomas Edward Seymour,0997990
C.J. Wallis,1091670
Jeff Murphy,4074534
Frank Vu,1803651
Anil Dhokai,1947122
Justin Cash Kirkpatrick,2091866
Richard James,1648507
Tony Paterson,0285249
Charles Peterson,8022260
Carolyne Stossel,3411486
Lenka Fillnerova,1299328
Benjamin Quigley,9683082
Joshua Tolby,1940603
Manie Magbanua Jr.,2793694
Tôru Kamei,1958762
Victor Danell,3127153
Georg Koszulinski,1499605
Bobby Peoples,1828395
K. Curtis Charles,3598329
Krenar Belegu,3428290
Denis Bachter,2501217
Daniel James Millar,2093126
Chris Wright,0942282
Óscar González,0328541
L. Rama Rao,2334211
Kriss Ellis-Stansfield,5694217
Nishit Jadawala,5302658
Tim Wynn,0944000
Lawrence Donello,3208737
Thomas Southerland,1284469
Martin Czinczoll,4709706
Steve Rudolf,2373696
Ryan Noel,1882285
Adam Perry,4236624
Arnold Edwards II,2269394
Rita Hui,3620620
Luciano Marenzoni,3062233
Julio Marambio,4249500
Ian Burke,7469077
Heléna Guenzel,3501534
Gary Marino Jr.,2752876
Harihara Puthran,1516009
Jay Coughlin,7378105
Kathy Gatto,1018097
Lee S. Kenyon,3650622
Kak Lee,2120361
Derrick Beckles,0960537
Ron Truppa,1306854
Robertson Tirado,3667549
Christine Houbiers,1454711
Rodrick Hersh,2555437
Danilo Torre,1862180
Marcos Funes Peralta,4099231
Bertrand Guez,6093740
Peaty James,4206812
Brian Schoof,3196827
Biplab J. Doley,6765577
Michael Iannacci,3708706
Larry Greene,2022271
Esa Jussila,4445385
Roman Bykov,3205647
Masahiro Muramatsu,5544892
Rob Tiffin,2227321
Mark Fritsche,3236754
Kenneth Baxter,3931899
Warren Eig,0251670
Jonathan Amos,1633672
Jim Helton,0375883
Daniel Duncan,2135127
Cindy Mollo,0597084
Bradley Buecker,1267896
Monique Dartonne,0201764
Bridget Durnford,0244239
Stan Salfas,0758159
Quincy Z. Gunderson,0348082
Dan Schalk,0769930
Rebecca Rodriguez,0735484
Steve Bloom,0089710
Rodrigo Cortés,0181579
Jeffrey M. Werner,0921418
Chris Plummer,2445479
Jamie Gross,1265901
Billy Sneddon,0810935
Colin Goudie,0332148
Keith Brachmann,0102740
David Burrows,0123262
Nicholas Wayman-Harris,0915498
Xavier Box,3182126
Nicholas T. Shepard,2124792
Josh Rifkin,1987792
Olivier Bugge Coutté,1256846
Kim Chow,1724980
Quentin Dupieux,1189197
Nicole Conn,0174903
Kimmo Taavila,0845830
Nabwana I.G.G.,4254419
Nick Tomnay,1204442
Jay Deuby,0221995
Fernanda Cardoso,0136631
Peter Crombie,0188598
Mathieu Bélanger,0126809
Sophia Takal,3046419
Howard J. Ford,0285683
Marko Keser,3614256
Sean Findley,1332030
Russell White,0925416
Hemal Kothari,1055700
Erik C. Andersen,0003692
Joseph Guzman,2005138
Jim Mickle,0585344
Dan Ohara,3751688
Scott Belyea,1908435
Sandrine Cheyrol,1823713
Evan Schiff,0771472
Jonathan Lucas,2060603
Jamie Alain,2025278
Gordon Grinberg,0342398
Tim Murrell,1203625
Namrata Rao,2886400
Akiv Ali,1322099
Joe Gressis,1370830
Katharina Wartena,0913193
Matthew Achterberg,2370195
Aurélien Dupont,2051566
Laurie McDowell,0568304
Kishor Pandurang Belekar,9139891
Gary Parungao,5277695
Sanjay Ingle,2617417
Matthew Reel,2037794
Dan Shuker,4155061
Morten Højbjerg,1069370
S.P. Ahmed,3579550
Benjamin D. Mitchell,4225252
James Carleton,1471015
Paul Bucknor,0118767
Bijith Bala,3703064
Brent Florence,0282664
Sam Wallwork,3158424
Bobby Guions,1389642
Sajit Nair,4115835
Jared Curtis,2279736
Dana Elise,4091239
Eduardo Ortíz,1378916
Bill Zebub,1754496
Sævar Guðmundsson,1823730
Cherry Enoki,0257930
William Clift,0166714
Jim Cummings,0191906
Matt Lyon,1240557
Dirk Grau,0336063
Matthew Booth,1482774
Lorenzo Barichella,3627941
Ivo Fuchs,2111611
Shane Scott,2679782
Alejandro Adams,3014646
Claudia Linzer,3803218
Bryant Mainord,3891199
Osvaldo Bargero,0054556
Levan Kukhashvili,4310594
Ryan Bijan,4204500
Pablo Morales,1174652
Daniel Behrman,2345476
Sanjay Nayak,3371866
Ahren Shaw,2993835
JiYe Kim,4498585
Mike Dematteo,8471516
Takeshi Yokoi,1356989
Ron Kalish,0435894
Jon Mancinetti,3681193
Cinqué Lee,0497046
Nathan Robert Blackburn,3886808
Tony Sebastian Ukpo,2840045
T.J. Yoshizaki,3403467
William Schmidt,0773251
Vincent Shkreli,3497803
Kirsty Lane,5279862
Elshad Rahimov,4336098
Cliffy Bunzini,4149286
Ryan Roldan,4049178
Jon Barber,10987370
Dunja Campregher,0133362
Petra Ahlin,1112285
Sooraj E.S.,3882329
Claude Reznik,0722139
David Haysom,0371671
Craig Knitt,2765553
Kurt Mason,3232719
Katsuhiko Tsutsui,4962551
Rory Mells,3481616
Tom Gerber,2567062
Pete Lutz,3841946
Garnet Mae,1772770
Josef Niznik,3680501
Andreas Bolle,2851536
Steven L. Austin,7512040
Alessandro Fantini,3983085
Claudio Costa,1297226
Santiago Esteves,3884273
Sejin Hur,3768756
Elene Murjikneli,4310696
Camille Conin,3784592
Stephanie Mathena,4907866
Matt Leonard,0502706
Phillip James Aaron,3811015
Matt Gray,2007060
James Gallagher,3552810
Cj Abad,4273521
Ian McFarland,2811186
Carlos Agulló,1259337
Mike Barry,2426426
Jonah Dellasega,4176838
Gregg Taylor,0852432
Andreas Donhauser,0232512
Eric Vitner,1519436
Andretti Dante,4174859
Anne Paul,3203605
Carey Westbrook,8701672
Jasmin Hirtl,3902197
Pedro Asbeg,1452693
Pere Koniec,4826414
Tina Brunn,5501426
Mary Jo Markey,0548407
Nelson Medina,9196980
Mainak Bhaumik,2371539
Hanna Högstedt,5026325
Lisa Lassek,0489809
Wyatt Jones,2466761
James Thomas,0858975
Dino Jonsäter,2692726
Valérie Pico,1131373
Justin McConnell,1190282
Charlie Fawcett,1519392
Adam Wingard,1417392
Pete Beaudreau,0064444
Devin C. Lussier,1257746
Darrin Navarro,0622857
Vince Filippone,0277124
Anne-Sophie Bion,2691134
Randy Bricker,0108585
T.G. Herrington,0364358
Mike Cahill,2648685
Adam Recht,0714461
Reginald Harkema,0363094
Jake Roberts,0731195
Parke Gregg,3664579
Danny Tull,1626865
Michael Spirytus,1965550
Robin Hill,0384628
Zachary Stuart-Pontier,1782000
Geraud Brisson,0960634
Scott Brock,0110631
Jean-Marc Vallée,0885249
Catherine Apple,0032310
Mark Yoshikawa,0948988
Jason Eisener,2639032
Adam Rehmeier,0716814
Colin Minihan,4017355
Kevin Bailey,1223269
Lynzee Klingman,0459806
Christopher Donaldson,2318036
Jacek Drosio,0960842
Andrew Ford,4124243
David Hopper,4391023
Bob Mori,0605221
Michael Goi,0003922
Robert Komatsu,0464595
Ritish Soni,4595088
Jason Gourson,0332717
Chip Smith,8259453
Paul Millspaugh,0590247
Lawrence Huck,2171922
Kishore Te,2707462
Matt Garner,1170459
Mark Scheib,0770534
Nat Sanders,1477623
Charles Ladmiral,1572865
Adam Catino,6630738
Marc Pollon,0004253
Raphaël Barthlen,1941108
Michiel Reichwein,0717143
Richard Colton,1595355
Angela Baker,2164445
Cathy Gulkin,0347757
Stephen Eckelberry,0248535
Mark Jackson,2961481
Waldemar Centeno,2842038
Ratan Paul,1418676
Julian Grant,0335489
Michael Darrow,1827917
Adam Garstone,2241730
Fred Bonnafous,
Brett Kelly,0962260
Aziz Natandra,2552496
Drew Bolduc,3247772
Alan Greene,1901475
Vava Stojadinovic,3339657
Matt Thompson,0860483
Crystal Riportella-Crose,2748788
Dipika Kalra,3878431
Manish Jaitly,4530399
Martine Giordano,0320344
David Nordén,1044059
Andrés Porras,4654653
Frank Van Looy,2144152
Anna Vogel,1672812
Jeff Leroy,0503767
Maxì Dejoie,3300614
Carolin Von Petzholdt,2897298
C.A. van Aswegen,3067223
Thomas Bardinet,0054285
Josiah Savage,4469092
Robert J. Thissen,1974319
Bodhaditya Banerjee,3828882
Richard Robertson,0732004
Brock Smith,8350580
Matyas Veress,0893999
Chris Wiseman,2024453
Oscar Gonzalez Iñiguez,0328541
Michael S. Ojeda,1245435
Marzia Mete,1077392
Eleutherios Kakathimis,4249902
Kevin S. Rivera,4801349
Demet Tosun,5006049
Ronnie Temoche,0854620
Norem Furia,4238497
Edmund Messina,2149254
Beata Walentowska,4017802
Pedro Diogenes,4568486
Philip Bolzman,2756844
Sujay Datta Ray,2954398
Mukesh Thakur,1923094
Eric Williams,0059319
Henry Li,6994297
Sean Grady,2906940
Cristina Carrasco,3377872
Eddie Mensore,2077225
Ralf Kemper,2728080
Andree Fischer,6506203
Steve Stark,1038466
Daniel Joseph Gonzalez,3565011
Jason Henderson,0006991
Elisabetta Minen,1810709
Joseph Villapaz,6170209
Christian Claudio,4391799
Emile Bensdorp,0072376
Maria Salazar,10536332
Mohsen Tavakoli,5606903
Michael Donner,9661730
Joseph Khalil,4606870
Manoj,0006370
Elliott Eddie,1235188
Jonas Ojeda,2004296
Francesca Spinozzi,3043222
Ronny Carlsson,4053867
Landen Reed,4327794
Melika Bass,5217114
Kuna Raula,6153580
Julien Foure,2136763
Ryan Vezina,2312401
Graeme Noble,3979575
Lionel Rideau,2903707
Elizabeth Ayiku,4764932
Jonathan R. Skocik,2022117
Yarden Karmin,3900940
Aaron Doolittle,3940607
Thomas Baudour,1849733
G Culley,4486200
Jose Jimenez Jr.,4153575
Huy Chheng,1345833
Jim Hare,4219217
James Mannan,2625972
David Druckenmiller,1723176
Darren Brierley,4795246
Nathaniel Anderson,6825018
Dante Majorana,0538231
Recep Dumlu,4366679
Taras Shevchuk,4967749
Roxanne Henry,1246840
Kosuke Muroi,3640572
Abhishek Bhattacharya,4174217
Michael Garcia,1937461
Crazy Dee,4897249
Carlos Camuñas,1028481
Mamihasina Raminosoa,4777290
Joakim Eliasen,4453448
Kenny James,2146730
Matthew Rappaport,1190797
Jonas Skelterwijk,1888214
Jan Martiensen,3020614
Eva Poncet,1196017
Si-Guang Yeh,5188308
Isabel Sadurni,2611722
James B. Featherstone,4284125
Gianluca Stuard,2567503
Dan Olteanu,2043929
Rick Reed,0715650
Cristobal Garrido,7377371
J. Douglas Pancakes,4750793
Masanori Tominaga,0866695
James Bereece,2941640
Michael Du-Shane,4423620
Adrián Szmukler,2053983
Paul Stamper,2601766
Vern Wutzke,2795410
Henk van Engen,2463589
Raphael Desbordes,8698805
Rick Siegel,0797002
Keith Croket,0188559
Jeff Groth,0343846
Jennifer Lame,2352780
Danny Rafic,0003191
Shweta Venkat,3290567
Josh Schaeffer,2317505
Claire Dodgson,1622910
John Paul Horstmann,1652710
Robb Sullivan,0838309
Hugh Ross,0743462
Bruce MacKinnon,1377178
Perry Eriksen,1342287
Christopher Campbell,9807448
Joe D'Augustine,0195549
A.J. Edwards,2270935
Shimit Amin,0024912
John Gurdebeke,1299707
Matt Bettinelli-Olpin,2366012
Steve Ansell,0030581
Derek Ambrosi,1761718
Crockett Doob,2417474
Frida Eggum Michaelsen,2143798
Paul Harb,1179925
Xavier Dolan,0230859
Praveen Angre,2070360
Chandrashekhar Prajapati,4962695
Sean Valla,0884833
Martin Wichmann Andersen,1267397
Diego Macho Gómez,1380786
Suzanne Spangler,0816817
Gavin Buckley,0118605
Evan Henke,1194804
Matthew Diezel,0226421
Eric Frith,1503477
Jane Rizzo,1356345
William Brent Bell,0068587
Daryl K. Davis,0204440
Justin Benson,1918140
Andrew Drazek,1982209
Don Coscarelli,0181741
Ann Husaini,0403830
Ann Hoyt,1380343
Daniele Campelli,2776418
David Trachtenberg,1395143
Ben Callahan,2743837
Christian McIntire,0570610
Lewis Albrow,2322031
Maria Gonzales,1290581
Apurva Asrani,0039724
Dan Roberts,0730974
Jacob Vaughan,0891048
Bettina Böhler,0127009
Agnieszka Liggett,0509902
Andrea Chignoli,0157368
Andreas Wodraschke,1303162
Joseph Krings,2378809
Bob Joyce,1121418
Andrei Gorgan,3670877
Nicole Kruex,2933947
Scott Strosahl,5047828
Lauren Zuckerman,0958432
Ernesto Díaz Espinoza,1104993
Greg Snyder,0811465
Paul Watts,4688987
Martin Pensa,3819839
Adam Wolfe,0937986
Matthew Hannam,1755315
Sarah Boyd,0101908
Jacqueline Carmody,0138504
Paul Machliss,0532651
Lance Pereira,1161685
Claudia Castello,2711975
Julia Bloch,2240723
Melissa Bretherton,0107855
Julien Rey,9545038
Avi Youabian,1143132
Timothy A. Good,0328738
James Ryan,1121631
Jennifer Davidoff Cook,0177095
Terel Gibson,0317195
Ayoob,6179320
Catherine Haight,1021578
Paul Frank,0291049
Nick Emerson,2512313
Mark Czyzewski,0960773
Joe Swanberg,1846132
Gonzalo López-Gallego,1018426
Dan O'Brien,2387284
Jeremy Milton,0590678
Sofi Marshall,3629058
Christopher Gay,0310749
Seth Casriel,0143885
Alek Gearhart,5692452
Nick Fenton,1067898
Jinx Godfrey,0323985
Anurag Kashyap,0440604
Edward Bishop,0084042
Calum Ross,2001931
Matt Platts-Mills,1228617
Dana Congdon,8062196
Derek Hui,3215871
Simona Paggi,0656455
Daniel Schechter,1633080
Damien Leone,2093171
Geoff Hitchins,1248366
Nick Meyers,5822027
Ben La Marca,3732346
Ben Jordan,5847566
Dan Hartley,1016827
Andrew Cassells,2797854
Anthony DiBlasi,1304669
Brad Turner,0877427
Daniel Patrick Carbone,1926336
Clelio Benevento,1131918
Qiheng Feng,5966575
Kayode Adeniji,10145871
Joshua Sterling Bragg,3281838
John C. Lyons,1603187
Ali Degismis,9363164
Tom Cross,0189285
Wyatt Smith,1444615
Julio Perez IV,1474684
Michael Louis Hill,3433967
Simon Njoo,0633354
Shawn Paper,0003533
Gavin Heffernan,1134130
Audrey Simonaud,2407784
Ron Patane,1219505
Keith Henderson,0376506
Peter Sciberras,3038680
Parker Laramie,4265905
JC Bond,0093967
Marion Monnier,1520209
Patrick J. Don Vito,0004011
Vincent Tabaillon,1167947
Ronald Bronstein,2563482
Olivier Gourlay,1305034
Byron Wong,1933640
Dev Singh,0998030
Alex O'Flinn,2609977
Steve Tempia,0854664
Geoff Ashenhurst,1198880
Jennifer Lee,1601644
Robert Ryang,2066218
Darragh Byrne,0126152
Matyas Fekete,2245768
Nathan Nugent,1524435
Jennifer Lilly,0510458
Jennifer Tiexiera,1976416
Colin Patton,1732761
Ramin Bahrani,1023919
Brody Gusar,3248956
William Webb,2230938
Matt Landon,1177626
Iikka Hesse,1473221
Vance Null,3749865
Emma Tusell,2010257
Edie Ichioka,0088204
Ken Eluto,0006922
Kiran Pallegadda,2347163
Casey Brooks,7308092
Claus Wehlisch,0917583
Matt Maddox,1360184
Lucas Eskin,1248139
Franklin Peterson,2252634
Chris Conlee,0174749
Laurens Van Charante,0885863
Christian Kinnard,2122419
Billy McMillin,0573357
John Scott Cook,0177121
Matt Mayer,0002789
Gordon McClellan,0565743
Tony Kearns,1749552
Brad Wilhite,0928976
Alex Milan,5288067
Justin Cardoza,4528722
Bryan Capri,1691227
Kate Baird,1864102
Samuel Danési,0200788
James Nation,4828876
Hank Braxtan,1802040
Chucho E. Quintero,4021675
Jennifer Ruff,7896298
Hung-i Chen,3056656
Pedro Suárez,1197998
Braden Croft,3487931
Jakub Hejna,1700200
Vincent Zuffranieri,1133540
Christopher Branca,3988529
Sean Gordon,8087919
Phil Messerer,3080127
Phillip Raupach,1941989
Bettina Mazakarini,1425484
Srdjan Mitrovic,3119215
John Geddes,2373106
Jose Hernandez,0379613
Ramsey Eassa,5467730
Ramon Angel Larrañaga,2759341
Pratap Kumar Sanga,5601633
William Honeyball,2497044
Luca Montanari,0598949
Roberto Pérez Toledo,0994402
Chan C. Smith,5264216
Beatrice Herminie,0379418
Ana Laura Calderón,1633681
Daniel Lapira,3569254
Mary Stephen,0826932
Ajithkumar,1411869
Hamster Low,7543449
Jason Trost,1875808
Liana Artigal,2071799
Tobias Haas,0352013
Erin Druez,2834047
Daniel Carvajal,3748321
Michael Henry,0377947
Shakti Hasija,1305142
Lijo Paul,5425309
Kai E. Bogatzki,4021907
Ryan Purwoko,4494836
Jaime Lee,2626454
Michele Badinelli,3291232
Corey Norman,3079464
Olly Stothert,2737038
Chris Clark,0163770
Richard Lunn,4749989
Drew Rosas,2089235
Omar Juarez,2754164
Ngo Phuoc Truong,7755048
Richard Nuñez Marcelo,6473457
Liam McEvoy,3554782
Gregory Nalbandian,5226682
Max Sterling,1604089
Steven Nalbandian,6894182
Carleton Rodgers,5393695
Cade Saint,1580748
Jason D. Morris,2527367
Shailesh Lal,7346576
Keith Boynton,3234872
Dave McGlone,3859261
Lawrence Ang,0029390
Bengt Danneborn,0200370
Guillaume Guerry,3119841
Luis Terrón,8108929
Gabriel Cedrés,6391694
Peter Hollywood,0391449
Robert J. Escandon,4553395
Dave Rodkey,5295455
Pablo Riera,8994579
John Thornblad,5234965
Charles Ross,3250856
Sen Arima,4394575
Surendra Poudel,4750396
Antonio Herrera-Vaillant,5330555
Elyssa Cusimano,3546353
Levent Çelebi,1540096
Dmitriy Rozin,2168688
Shivam Chopra,4826879
Dona Noga,0633971
Ujjwal Chandra,3621600
Prejish Prakash,6293287
Shelby Baldock,4210034
Antonio Rui Ribeiro,2978074
Marc Cohen,0169574
Attila Herkó,6745624
Jack Kohler,0463264
Derek Young,2716352
Eloy Braun,7202778
Mikael Zarb,4687375
Puppett,3533815
James Pruett,6272067
Lluis Ortega,4204236
Mark Mackner,3608610
A.F. Bensi,5503107
Mark Cyril Bautista,5469555
Zeborah Foulks,4005394
John Albarian,0016331
Aleksandra Gowin,3686102
Bryan Atkinson,2691068
Tze-Wen Cheng,6968504
Augie Praley,3857134
Onur Karaman,5180140
Carlotta Kittel,4123156
Christopher Jayawardena,4975574
Lewis Leannán,4173981
Andy Siege,6329433
Virlan Wana,6567947
Joana Collier,1556173
Susana Lemoine,0501479
Germán Magariños,0535734
Patrick Johnson,3416247
Nanda Nayar,2132416
Anthony Williams,0931838
Nahor Solomon,3686136
Chip Rossetti,4948755
Maximilian Körner,8624850
Steve Ramsden,0708939
Joshua J. Cordero,6924011
Redd Kaiman,5393447
Mac Gheri,6324071
Khen Shomron,3582652
Daniel Correia,5986926
Jose Iglesias,0407141
Steven James Price,3096433
Jonathan Shatoff,6437598
João Braz,3949693
Sourabh Dutta,3975377
Flávio Carnielli,7216541
Mary K. Leslie,5580810
Kaleb Quist,6428412
Michael Paulucci,3619580
Michael Leo Centi,8860051
John Migliore,4276395
Francis Newall,11012374
Igor Korablev,6359834
Ananda Banerjee,8779861
Khursheed Khan,8598203
Hassan Bazzi,6186383
Loïc Mabily,6573572
Hunter Cone,6042481
Tony Pirotelli,6786965
Ali Zamani Esmati,1420083
Margaret Sixel,0803459
Denis Bedlow,1721361
Greg D'Auria,0195555
Lucas Gonzaga,0327425
Marie-Hélène Dozo,0236549
Kyle Patrick Alvarez,1547859
Luke Ciarrocchi,3002063
Cristiano Travaglioli,1273244
Lee Haugen,2420926
David Dean,1223255
Mako Kamitsuna,1454836
David Diliberto,0002664
Amy Jump,4207229
Debbie Berman,1651766
Garret Elkins,1804458
Tom Campbell,3728778
Mark Sanger,0002747
John F. Lyons,1638941
Doobie White,2658285
Jonathan Olive,1536409
Trey Edward Shults,4099092
Roland Gallois,0303108
Matthew Barry,0058089
Julie Garces,1230266
Geofrey Hildrew,0383931
Jillian Moul,0973916
Éva Gárdos,0307147
Carlos Marques-Marcet,3112190
Gabriel Cullen,7471307
Ben King,0454482
Nitin Baid,4731330
Steve Hullfish,1232772
James Bredin,0106636
Jay Nelson,3781895
Sean Puglisi,2671059
Aaron Brock,0110532
Luke Haigh,3435605
Eric Potter,1444702
Eric Nagy,2838869
Jamie Mckivitt,6811068
Mathilde Van de Moortel,3671375
Nick Montgomery,0599874
Martí Roca,1885461
Gregory Hatanaka,0368693
David Heinz,1484439
Mark Bourgeois,0099916
Damien Keyeux,1165577
Luke Dunkley,0242362
Kyle Curry,4519037
Rajesh Pandey,3771875
Kathryn J. Schubert,3555921
Kayla Emter,2312458
Jason Schnell,0774116
Johnny Rayner,3782855
Matty Crawford,5286037
Ismael Gomez III,4591016
Javier Alvarez,2772651
Justin Kavoussi,2594368
Marie Lou Gingras,3218444
Nirav Panchal,6577034
Valerie Krulfeifer,4538317
Jorge Weisz,1307036
Yale Kozinski,2473156
Cesa David Luckmansyah,1637115
James Christopher,0160575
Alexander Rollings,6322286
Ryan Staples Scott,3164065
Vijil Fx,7684086
Job ter Burg,0003102
Rizwan A.Q.,6895560
Moek de Groot,0208718
Jonathan Eagan,3578435
Sayed Sameer,6902737
Suresh Chaturvedi,0154221
William Sullivan,3767859
Jorge Orellana,5689835
Nimesh Shrestha,10350800
Joris Fernandez,5377288
Ryan Kendrick,6799789
Marilia Moraes,3079019
Don Stroud,0835144
Mun Chong Yim,6580204
Andrea Wenzler,0921194
Michael D. Black,1418216
Thomas Thiedecke,7388368
Kshitija Khandagale,3954122
Frank V. Ross,1526979
Navin Ramaswaran,3195562
Danielle Fillios,0277217
Darren Baldwin,2788414
Francesco Garrone,2047469
Steve Balderson,0003931
Ian Grey,6684078
Mark Mitchell,0593570
Beng Bandong,3056405
Md. Kalam,5020160
Sara Casey,4883850
Rohit Mhatre,4866920
Jean-Christophe Bouzy,1770774
M R Varma,6027355
William Lehman,1990602
Ariel Frajnd,1585054
Mandy Roberts,2184839
Pierre Smith,6519112
Paul Shammasian,2131975
Manoj Kannoth,4220395
Marco Pazzano,1701262
Anindo Chayyopadhay,7299645
Amr Akef,5332006
Daniel Murphy,1642835
Lloyd James,4634813
Brady Hallongren,1339041
Ferhat Yuksel,8538914
Alfie Law,3761991
Ranjan Khatei,7522062
Georgia Hilton,0385255
Jessy Dupont,3684918
Michael Kingsbury,2468624
Alex Withrow,3512519
Ulrike Kofler,1061007
Mauro Bonanni,0093751
Ronu Dey,7508908
Contrell Smith,6424808
Hapil Zan Mazlan,7246071
Steve Galayda,4101421
Matthew O. Lynn,2774953
Iftakar Chowdhury,5381630
Antonia Fenn,1397828
Zach Weintraub,3691328
Rahul Bhatankar,1977461
Marla Mitchnick,3922337
Alistair Tham Mun Hoe,6283809
Mathieu Pontier,4868536
Anthony de Lioncourt,6000149
Carlos Misenas,1786008
Philippe Fernandez,1564674
Anirudh Baboo,6071386
Daniel Eskin,1631791
Nicholas Boise,3833003
Kseniya Crespo,5507640
Onur Tukel,0876287
Diego Choque,4327242
Alfonso Ruiz,9242450
Luiz Pretti,4569720
Ray Kermani,6914523
Rafal Listopad,2038458
Bilguun Bayarmagnai,6419371
Tushar Ghogale,3688293
Brandon Runion,6567383
Sergio Mazza,1879513
Maarten in 't Hout,7724292
Yannis Tsitsopoulos,0875083
Jaume Fargas,6899445
Tomás Gómez Bustillo,8613385
Dawn Stockbridge Epstein,6637665
Hayden Currie,8684911
J. Procópio,4017586
Geoffrey Gilson,4870365
Ostin Drais,3296700
Tom Jorgensen,3851336
Alexandros Konstantaras,4843089
Jayant Jathar,8762365
Rahul Singh Rathod,9845163
Diana Bärmann,6948859
Adam Little,10731749
Brady Palubiski,7664029
Michal Kepinski,1324953
Tony Clarno,2584628
Cole McDermid,6962064
Michael Flowers,1668934
Ricardo Pretti,4399773
C.L. Robbins,4700643
Toshiya Chimura,7683058
Oliver Tosh,3547762
Nick Michael,4212137
Mark David Spencer,2657341
Jerry Griffin,0341229
Stormy Weathers,6922385
Alexis Lardilleux,3187790
Michael Belanger,2258597
Dinesh Mengade,3904372
Carol Nguyen,5798162
Madhumita,7924273
Kevin Huckabee,7297058
Marcos Izaguirre,3184818
Sam Lowry,0001752
Ysabeau Romee,5398993
Eric Arnold,6411072
Nele Mertens,7763739
Nick Holley,4232280
Taylor J. Irizarry,6034225
Larry Kirschner,7676799
David Verdurme,3886889
Ashley Bennett,2105749
Antoine Baptiste,5703066
Bradley Olsen,2761812
Jeff Herberger,1946384
Donovan C. Howard,0397254
Michael Butler,0125060
Gerrit Gerlofsma,4716483
Monge,4010929
Linton Davies,4032057
William Stancil,1259277
Marcela Suppicich,2595905
Taylor Cayro,7437498
Aurélien Krieger,7621484
Jason Rosendary,7465976
Wesam Wagih El Leithy,7365714
Andy Laviolette,4794815
Gary Davis,0204629
Brad Kolasinski,6949440
Jambareeqi,5542223
Steven Fox,0299154
Martin Dano,5732330
Joi McMillon,1536314
Brad McLaughlin,1802238
Andrew Buckland,0118202
Axel Geddes,0311449
Alex Marquez,0549833
Kevin Pavlovic,2112751
Brian Scott Olds,1630456
Michelle Szemberg,0843938
Tom Eagles,2305414
Stefan Grube,3712374
Blu Murray,1325650
Ben Baudhuin,3015807
Gabriel Fleming,1701150
Amanda C. Griffin,4750795
Joshua Chamberlain,2112873
Lucy Donaldson,3815231
Travis Sittard,1731186
Christopher D. Lozinski,1573240
Sebastián Sepúlveda,1475236
Cary Gries,1096996
Matthew Cannings,2007836
Michael Taylor,0852893
Nicholas Monsour,2538611
Richard Mettler,4753375
Fabiola Caraza,2017149
Erin Crackel,1095965
Brian Ufberg,0880020
Christopher Passig,2525142
Louis Cioffi,0162543
Greg Ng,1989546
Cam McLauchlin,2693900
Christel Dewynter,1314100
Gregers Dohn,0230644
David Beatty,1991527
Beatrice Sisul,0803167
Phil Bucci,1959462
Heike Parplies,1709689
John Venzon,0893487
Celeste Bothwick,2763795
Kye Meechan,1310713
Robin Gonsalves,1567621
Chris Barwell,0059471
Anthony Scott Burns,2227980
Michael Marco,1324995
Sarah Adina Smith,2262138
Filippo Mauro Boni,6181376
John Carchietta,1878470
Steven H. Bernard,1333215
Anna Krutiy,8112911
Joshua Raymond Lee,3218987
Peter CabadaHagan,1473095
Carsten Kurpanek,2548499
Chris Nahon,0619599
Raymond Derrick Crasta,8273417
Manan Sagar,1850593
Brian Smith,1668284
David Thrasher,1348581
Dan Berk,3228270
Matt Kendrick,3509062
James Vandewater,3152815
Steven Lewis Simpson,0801219
Somnath Dey,5812265
David Jacox,0415088
M.S. Aiyyappan Nair,3383971
Praveen Antony,5434462
Camille Guyot,3641094
Morgan Conlon,6810802
Marc Linn,0512999
Phillip Escott,5066510
Jonathan M. Dillon,1389127
Andrew Gust,3973399
Shivkumar V. Panicker,7933840
Libby Cuenin,2997472
Matt Posey,0692670
Dileep Dennies,7978880
Miguel Valdez Ferrari,9594283
Ashish Gaikar,2080824
Scott Roon,2346497
Siddharth Thatholu,10106511
Jon Vasquez,0890683
B. Pravin Baaskar,7017367
Sean Cain,2113026
Luna Gualano,2607988
Dilip Deo,2186504
Ainslee Kennedy,2402357
Gavin Michael Booth,2110498
Lonny Pelot,2833420
Nathaniel Shields,7552492
Hayedeh Safiyari,0755868
Subarak,5889096
Taichiro Natsume,3515215
Matthew Gray,2007060
James Twyman,1442975
John Goddard,0323798
Donovan Fowler,4886713
Zbigniew Stencel,5794314
Sara Corrigan,0181006
Nathan Perry-Greene,1963533
Maria Macias,3698399
Mark Parham,5860438
Lawrence Fajardo,2263683
Daniele Grieco,1126044
Kevin MacDonald,0567852
Ryan Dufrene,3248974
Myriam Poirier,0688557
Travis Graalman,0333171
Andrew Koyama,2977569
Ian Lin,5149790
Jean-Denis Buré,1076141
Pedro Baron,3684150
Mitra Gurung,9533088
Yin-Chau Heng,4196664
Carlos Cambariere,6018284
Robert Alaniz,2792765
Alan Ahmet,6728374
Vinod Basavaraj,6273702
Anirban Maity,4777198
James Rael,4389181
Damien Maestraggi,1848772
Marga Melià,6344946
Ivana Fumic,0298546
Dave Milller,6660175
Richard Dutcher,0244756
Mariya Likhachyova,2919127
S.R. Bindler,0082835
Jaroslaw Pietraszek,1323944
Nestor Cobos,8020497
Afra Rigamonti,2029136
Sekkhar,5620828
Krzysztof Szpetmanski,0844260
Muthu Muniyaswamy,8217002
Jonathan Kammeraad,8543067
Leif Axel Kjeldsen,0458005
Srinivas Varaganti,8013262
Diganta Bora,8190104
Ahmad Abdullah Alkhudari,5954772
Jesse Kelly,2490473
Meysam Molaei,4325491
Daniel Zdunczyk,2412975
Drew Thomas,0469674
Juan De La Peña,5747543
Sanjiv Sachdeva,7513128
Srdjan Milosavljevic,3730889
Mustafa Kara,2583919
Sebastián Agulló,4990904
Kersti Miilen,0586283
Topher Hansson,5863959
Tanmoy Bhattacharya,4970808
Shankh Rajadhyaksha,4920637
Babak Bahrambeygi,9826318
N.M. Vishwa,4551356
Huy Moeller,3609648
Linto Thomas,5020777
Kadioglu Hakan,7395980
Paco Centomani,5581290
Erik Lamens,0483484
Vinay Bhola,8407675
Susana de Sousa Dias,0815946
Margaret Salmon,5929180
Gualtiero Negrini,3261816
K. Sreenivas,2291545
Moritz Matzmorr,5715461
Jayachandra Krishna,4255778
Maryam Naraghi,4870181
Jason Loveland,5508278
Yadavan Chandran,5328182
Filip Hanko,8300835
Suneesh Sebastian,7261114
Joshua Eady,7760934
William Hadden,7773191
Keshanna Hatanu,6342689
Razor,0356084
An Nguyen,2480549
Yukako Kobayashi,1633822
Elmo Rautio,4204678
Jonathan Joshua Johnson,2982751
Panagiotis Kountouras,3277736
Maximilien Blanc,7940001
Sterling Johnston,0426851
Gabriel Evans,3269367
Joshua Melancon,6208830
Sukumar Mani,4333987
Selamet Alkan,8026821
Paul T.T. Easter,2428088
Jeffrey K. Adams,7298687
Takuya Itô,3675414
Jens Greuner,2604548
Margaux Serre,7568944
Aseem Sinha,0802356
Andreas Barthel,10704466
Animesh Banerjee,9544688
Chaz Dowdell,8076295
Eddie Ocampo,4996764
Karthik Srinivas,7018674
Jason Lein,7693706
Jessica Keller,1222294
Robin,0000245
Justin Krohn,1557107
Sidney Wolinsky,0938485
Nick Houy,2017521
Stéphane Garnier,2512511
Meeyeon Han,8243322
Stacey Schroeder,4275862
Mark Hermida,2336283
Gina Hirsch,2611457
Gary Roach,0730013
Sarah Broshar,1849803
Jason Hudak,1402413
Mark Towns,1576700
Merlin Eden,1095937
Martin Stoltz,1706378
Michelle Tesoro,2026939
John Daigle,3525619
Angela M. Catanzaro,0145979
Pam Ziegenhagen,0956063
Robert Nassau,0621949
David Bilow,1225856
Stephen O'Connell,0640170
Louise Ford,3327974
Benjamin Rodriguez Jr.,1405710
David Lowery,1108007
Thomas Calderon,0129549
William J. Caparella,0134945
Jack Price,3746859
Jamie Kirkpatrick,0002841
Jeff Seibenick,1500452
Rick Russell,1534662
Toni Froschhammer,1499120
Rehman Nizar Ali,8347686
Lena Runge,0197013
Lars Wissing,1545541
Dorota Kobiela,3699790
Zohaib Mansoor,8942280
Rose Corr,2401009
Clayton Condit,1462920
Bernat Aragonés,1231392
Tomas Vengris,3786205
Adam Epstein,1765324
Matthew Freund,0294492
Jennifer Vecchiarello,1719204
Maya Maffioli,1911450
Blake Maniquis,0542449
Richard Kevin,2715868
Michael X. Flores,1652625
Éric Drouin,0238369
Guillermo de la Cal,2084225
Dan Bush,0124112
Scott Cummings,2457439
Steve Morrison,6030758
Robert Rzesacz,1062884
Scott Schirmer,4074758
Blair Miller,1427329
Ninad Khanolkar,4425743
Ed Yonaitis,2514175
Duff Smith,3274607
Kogonada,3226379
Nathanaëlle Gerbeaux,9264802
Clem Engle,10445219
Heath Ryan,1335568
Justin MacGregor,4688751
Brian Williams,1047419
Helen Sheridan,2788689
Charles Norris,1945155
Jessica M. Thompson,3701612
Ken Khan,3845473
Bill Lynch,1649331
Napoleon Stratogiannakis,2087015
Michael Pierro,2317677
Randy Klinger,5273301
Julien Perrin,2022064
Kris Boustedt,2919204
Robert Gajic,1021494
Harris Doran,1563341
Geoffrey Blandin,4586740
Chota K. Prasad,4992664
Keelan Gumbley,6672097
Ariel Shaw,0892333
Ahsan Andrian,5780601
Tatjana Rhodes,3884805
Aurelien Brentraus,5928451
D.J. Rivera,5245178
Peter Pritchard,9826403
David Sousa Moreau,6658677
Anup Samaddar,9271469
Timothy Snell,3419123
Damian Knight,1633705
C.S. Prem,6176514
Holly Mollohan,9939247
Bharat S Raawat,8906539
Jörn Hartmann,3260400
Simon Wells,0920425
Cory Green,4700401
Tom Knight,4229417
Clint Carney,1878865
Kripakaran,9106284
Naveen Reddy,5819253
Filippo Maria Montemurro,2657282
Eshan Motagedara,9452818
Chrisel Galeno-Desuasido,2344542
David New,0627570
Mahendranath,9063187
Camille Brown,0962647
Kubilay Birkan Çapur,7096095
Leo John Paul,5365700
Tim C. Cremeens,4839653
Zaz Montana,1543944
Carlos Eduardo Kerr,2282358
Matteo Finozzi,8400378
Astrid Rondero,2156418
Jay Burleson,3791583
Theodore Skrikas,3987289
Travis Golino,8146304
Ömer Günüvar,7494944
Anne Lakanen,0482089
Carl Neyland II,8494685
Brian Michael Finn,1250259
Rodolphe Molla,1031416
J. Him Lee,7594912
Akhilesh Mitra,8199103
Kaie-Ene Rääk,0753628
Ken Ninomiya,7159655
Livingston Mathew,5320392
Bill Kabel,4071443
Olivier Michaut-Alchourroun,5249674
Vince D'Amato,1410503
Raja Sethupathi S.P.,9066606
Amit Debnath,4465470
Shona McWilliams,1958388
Raúl Marchand Sánchez,0845157
Karen Antunes,5447772
Arshak Amirbekyan,4591560
Yan Miles,0587266
Emiliano Battista,1531084
Daniel Delosh,7812421
Lucian Barnard,5728010
Nick McChesney,8691188
Jason Phelps,4242902
Deven Murdeshwar,2201416
Sandro Ventura,2383584
Vaughn Juares,0810252
Geno McGahee,3062127
Matthew Goddard,3756579
Matthew Berto,5558014
Mark Maina,7932360
Matto Barfuss,2201774
Michael Glover,1337966
Linda Bosch,4098586
Atsushi Nagao,9272694
Carmen Espinoza,9356743
Mariano Luque,4635356
Paul Vernon,0329751
Andre Boyd,7805340
Arijit Singh,4837089
Anil Ray,7462403
Johan Löfstedt,0530471
Ayodele Banjo,7850356
Justin Kreutzmann,0471069
RJ Cusyk,5698814
Enkhbat Gavaatseren,9428777
Amir Adibparvar,4977209
Alek Dyrynda,8108190
Justin Viggiano,2845805
Hossein Khandan,5185201
Matthew Victor Pastor,3863671
James Daniel Marrs Ritchey,8400338
A. Jonathan Benny,0072200
Barry Kolsky,0464385
Jon Haight,5743911
Lawrence Kishore,8699304
Timoth Conrad,6054110
Carlitos Landeo,8736025
Lars Gandeguurd,7099310
Joel Kaiser,0435168
Gabriel Soriano,1217972
Shane Dunlop,1009626
Chuck Conry,4734152
Jovana Filipovic,6383710
Elena Seimenova,6234993
Juan Pablo Bustamante,2415390
Tsuyoshi Imai,0408039
James Myrick,9099784
Artemis Samothrakis,8189136
Uri Carrasco,10914803
Farrukh Sheikh,5108969
Jamie Walker,1930883
Selçuk Erdin,8761036
José Texeira,3376333
Juanfran López,8769704
Solomon Billinkoff,5839399
Abhishek Pathak,2391751
Zeda Müller,8864334
Yasar Shaikh,5906716
Ferdinando de Laurentis,5425841
Daniel Imperiale,6621675
Jake Yuzna,1723199
Michael Stoller,0005469
Tiziano Cella,4892477
Paulo Rebelo,0714282
Henry Dangar,0199482
Stephen Garrett,0308211
Michael Rea,0713760
L. Birkenhof,0083575
Stephan Fanfara,0266740
Rino Pitruzzella,3132474
Dilip Kotalgi,1105618
Chandan Arora,1154600
Leonard Feinstein,0272058
Ewin Ryckaert,0753030
Jacques Holender,0390437
Greg Huson,0403922
Richard Barbadillo,0053180
Claus Vedel,1561356
Mario Ramirez Reyes,1025099
Nadir Kamberi,
Debora Lucyk,7367779
Luis Fernando Aguayo,0013374
Peter Monsaert,1190385
Scott Long,7738704
Steve Gilson,0319711
Francesca Calvelli,0130772
Russell Icke,0406788
Hiroshi Okuda,1087819
Donn Aron,0036880
Glen Richardson,4292264
Kevin Whelan,5359975
Eron Otcasek,0652764
Nana Meyer,0583289
Milford Thomas,1387665
Mathieu Riboulet,1768695
Eugene Loutfy,0522158
Fereydoun Jourak,1030337
Eric Lavoie,0492169
Ed Gardiner,0306747
René Besson,0078868
J.R. Hubbard,1703973
David Wittenstein,1466805
Filip Dedic,1045152
Mariano Cattaneo,1522692
Karin Benhammouda,4863249
Guy W. Cearley,0147469
M. Scott Smith,0809178
Tania Nehme,0624572
Vito Cajili,1135527
V.T. Vijayan,0897221
Mike Wolf,0937874
Geoff Matheson,1086058
Brian Bulman,0120210
Francesco Campanini,1309541
Héctor Falagán de Cabo,1872542
Kemparaju,5564662
Alex McDonald,2407503
Jonathan Newman,0628146
Eric Chase,0153754
Clive Barrett,0057093
Rasmus Høgdall Mølgaard,1350616
Emmanuelle Labbé,0479410
Antonio Dyaz,0127019
Alexander Vance,6871549
Michael Spierig,1294961
Reva Childs,0157587
Roberto Serrano,3061215
Scott Popjes,0691276
Jaroslaw Barzan,1000392
Shigeru Okuhara,0645774
Gary Cooper,0000011
Jean-Pierre Bloc,0088589
Rorie D. van Klaveren,0887308
Christian Virmond,0899410
Daisuke Miura,3188946
Robert J. Massetti,1261059
GiGi Mullins,1633044
John Johnson,0424819
Bob Brooks,0111882
Terry Lukemire,1355738
Hélène de la Morinerie,0209320
Toshihiko Kojima,10635735
Eckhart Schmidt,0772905
Toofun West,3078578
Gabrielle Fasulo,1006971
Isabelle Proust,1022075
Vanja Kovacevic,0468190
Mariana Chenillo,1662689
Nikolai Hartmann,1954301
Nick Groff,1530005
Christine Marier,0547351
Adam Finch,4871113
David Kartch,8423884
Sharon Franklin,
Craig Cobb,
Jose H. Garofalo,1633017
T. Minh-ha Trinh,
Heather Born,2335467
Diego Rodriguez,2691062
Shadow Dragu-Mihai,1323667
Tony Hettinger,0381784
Brett Bagenstose,1095057
Justin Krook,2334642
Reyn Mercuri,1824558
Dennis Adler,1818018
Meghna Banker,1628599
Abdellatif Raïss,1650600
Jens Pilegaard,1156126
Michael Cox,4352000
Casey Dake,0197474
Thibault Dohlem,2015322
Rosario Suárez,0994649
Andy Horvitch,0395773
Natalie Kurz,0476139
Lawrence A. Maddox,0534716
Mark van den Tempel,2809015
Jeffrey Scott Thomas,2186329
Adrian Kays,0443469
Ron Stone,2085125
Daniel Lee,0163812
Steve Cook,9433576
Edward Evers-Swindell,1898082
James Frisa,0295806
Antara Bhardwaj,1774041
Simon Baechler,1615094
Hector Macaso,1950325
Alejo Moguillansky,1445939
K. Ramagopala Reddy,0433871
Emily Smart,1903782
Janey Walklin,0908346
Anthony Snitzer,3670979
Haman Movafagh,2281284
Andrea Pugner,0700125
Topher Straus,1201074
Rick Owens,0654446
Amir Jaffer,2060272
Matt Zoller Seitz,1228866
Srinivas Patro,0665983
Mark Love,6251657
Carl Adams,0010806
Gilbert Bed,3074388
V. Scott Balcerek,0049570
Laurent Podalydès,2771928
Angela Bettis,0079374
Jamieson Fry,1067900
David G. Hill,1170300
William M. Johns,0424375
Ángel Armada,0273206
Ajoy Varma,1413949
Joe Cottrell Boyce,0101647
Millie Panichi,2726816
Roland Rathmair,2261286
Denise Garcia,4693159
Jeremy France,8590096
Daniel Brown,1828323
Daniel Zubiate,1082768
David Dillehunt,1629903
Ryan Grant,1481217
Kenyon Grey,1764788
Joseph Chrisitiana,2453515
Michael Fiore,0278476
Héctor Cámara,2873361
Michael Hofacre,0388645
Annie Ilkow,0407754
John Francis Conway,2477883
Frederick Wardell,0911979
Sebastien Touta,1168118
Savvas Paritsis,1310959
Duncan Catterall,2550915
Christian Monroe,0598480
Mike Schaerer,0769754
Ben Edwards,3106945
Dustin Younse,1372503
Shawn Flanagan,8910473
Franco Carrozzino,2654093
James Wright,7458953
Chris Power,0694382
William Rice,0007133
Dmitriy Glukhov,8376037
Thomas Black,6207424
Julio Martínez,0555183
Tyler MacIntyre,3225709
Agathe Dreyfus,1570518
Arthur Panagiotaras,2759478
Maria Handjieva,1420360
Joel Hale,0354941
Gabriel Mays,6441919
Daniel Ferreira,1734167
Ray Daly Jr.,1342156
Jason Tucker,0875888
Harp Pekin,2809055
Philippe Ravoet,0712527
Wrik Mead,0574934
Ileana Pietrobruno,0682913
James Burgess,2611250
Joaquin Montalvan,2465524
Christian de Rezendes,1382174
Nathan Zellner,0954658
Joakim Jalin,0423972
Silke Botsch,0098589
Akashdeep Singh,2523705
Andrés Cotler,1095952
Germán Cantore,1318517
Luca Zuberbuehler,2564189
Obsadny Jarek,3387159
Evan Adnams,3208899
Mahesh Narayan,3525879
Georgiana Nestor,2985388
Jeffrey Thomas McHale,2379237
Bryan Kramer,1038642
Eric Bruggemann,1951084
R. Kan Albay,2349311
D. Wolfe,4741737
Stefanos Karavolos,3189688
Fred Wasnak,2640253
Genevieve Thibault,3231610
Joseph Hartnett,3417561
Uccio Mastrosabato,2538060
Joey Poach,3303597
Danilo Lola Ilic,3233253
Klyazev,2966749
Marc Jozefowicz,2081462
David Bender,0070457
Chin Yu,0159201
Ilana Rein,4159489
Steffen Werske,1703652
Axel Hubert,10311973
Andre Coutu,3046653
Naoki Kawanishi,3489652
Dusty Caruso,3041608
Thomas Sabinsky,1494137
Irit Raz,0713573
Lori Jane Coleman,0171130
Grant Myers,2233127
Alex Bryant,8025552
Shyam K. Salgonkar,2589651
Alex Merkin,2157767
Serge Bourdeillettes,2611366
Alberto de Toro,1438231
Warren Meneely,1126789
Alfonso Aguilar,0013477
Cathrine Ambus,1354260
Dirk Meenen,1672782
Pablo Ribeiro,2247376
Mark Bradley,8045586
Paulo MilHomens,1911143
Keita Ideno,1761857
Franck Nakache,1098956
Andrea Cuadrado,3380102
David Wilde,1434457
Justin D. Hilliard,1944091
Jim Leo,6677155
Justin Buettner,3713707
Miguel Salgado,1802327
Josh Barry,0058054
Christopher Michael Roybal,2522385
Scott R. Thompson,1733016
Edward Chin,9576466
Jian Cyrus Farhoumand,3260976
Manuel Muñoz Rivas,2187552
Philip Arkinstall,2783958
Rajab Ahmad,9299175
Ralf Möllenhoff,3755647
Ty Huffer,3319274
Bobby Hall,5225554
Michael M. Brady,3227313
Michael Henderson,2214586
Matthew Haar,2059265
Géla Babluani,1201875
Dharmendra Kakarala,3809144
Eddie Robson,3419341
Brad Lindenmayer,0511673
Chad Galster,0303333
Aleksandr Sheyn Jr.,1404289
Amanda Jane,0417413
Lalit Goyal,0333029
Rob Redford,2192433
T.J. Applestance,2779298
Shravan Katikaneni,3919263
Frank Brummundt,1359145
Chris Houghton,4714260
Alison Taylor,0851945
John Anthony L. Wong,3163717
Kenneth Horstmann,1189665
Shawn Copenhaver,4453459
Peter Lindo,3056855
Richard Bruce,0002207
Meni Philip,3594801
Drew Daywalt,0206782
Chip Perro,2889264
Jeanne Slater,5554744
Eduardo Cayo,1757183
Kenneth Barr,3826767
A.T. Sayre,3203676
Avinash Walzade,1422152
Homero Cirelli,1872619
Terah Maher,2955761
Tina Chamberlain,5570715
Manas Mishra,5066897
Jennifer Fischer,6750870
Thina Lowe,3875943
Robert Langley,0486544
Timur Makarevic,2763637
Michael J. Klassen,3947660
Michael Thomas Smith,4297411
Sidney Manuel,3330426
Dustin Morrow,3194525
Rick Darge,1749539
Glenn Payne,3324272
Lawrence Kopelman,3267858
Annelotte Medema,3372393
Enoch Kinser,4067802
Delphine DeSt. Paër,2098929
Ugo De Rossi,0211301
Connor Patrick Griffin,2548195
Andreas Wiechert,10290668
Samudra Umayanga,4243538
Timothy Gunderman,4106310
Dimitri Morantus,1893707
Sarah Del Seronde,2288698
Evan Kaufmann,3463593
Justin Hines,3987535
Lisa Linder,0511724
Gerardo Naranjo,1319671
Julian Harvey,2026017
Yvann Thibaudeau,0002502
David Barker,0054862
Mae Carzon,4552360
Chise Sanjo,4866076
Martin Desmond Roe,1804553
Fiona DeSouza,1275315
Andrea Wagner,7604296
Kevin J. James,3035076
Anna Ryndová,1644901
Christoph Baumann,9905458
Mayuka Thais,3196434
Jokes Yanes,1879093
Walter Rodriguez,0735541
Natxo Leuza,2115567
Irene Mok Seifert,2259038
Matthew Lessner,2038227
Eric J. Kahle,2819658
Steve Eveleigh,0263378
Barry Sales,2470401
Kevin Palmer,1317437
Khris Colgate,2949956
Heinrich Bindschädel,9552719
Tom Stavely,8177428
Santiago Pajares,9419504
Pete Anderson,0027286
Romer Rupisan,4620837
Tim Baker,0048975
Marc Boese,3791356
E. Thomas Canton,1680465
Mohamed Riyale,3558075
Sarah Turoche,0877994
Ansel Faraj,4043796
Derek Catterall,0146365
Rachel Wilson,0933987
Christopher Lyle,4722449
Johan Serrander,1381603
Tom Betts,0079459
Joe Atkinson,2555309
Tansy Huws,3580668
Bryan Belser,3324493
Aashish Mayur Shah,4473363
Biel Ferrer,5286343
Michael Sage,5543963
Michael Storch,2275648
Mike Rose,2633389
Jason Jones,0428319
Andy Clegg,9717833
Patrick Dræby Ravn,6717634
Aaron Yanes,1249417
Arthur Tarnowski,0850561
José M. Norton,2167915
Daniel S. Kaminsky,3354467
Claire Delannoy,2545147
Sully Reed,2382771
Artemus Jenkins,5109829
Karen Sim,0963124
Stephen Kaiser-Pendergrast,3947771
Lara Isabel Gómez,4206536
Adriaan van Zyl,1948910
Julia Knight,3807036
Duwayne Dunham,0242271
Matthew Rundell,0750213
Girish Bhargava,0080259
Burke Lewis,3229018
Matthew Walker,0908022
Damian Morter,2376605
David Dietz,2258329
Greg Arata,2707778
Kimberlee McTaggart,0574599
Jared Cook,0177084
Diane Brunjes,0116312
Janis Juhnevics,2150266
Mike Justice,1676965
Stéphane Elmadjian,0255360
Stuart Morley,4525489
Vahe Douglas,2155755
Daric Loo,2057567
Michael Whitton,3624053
Colleen Halsey,0357023
David Fricker,4337159
Devendra Murdeshwar,2201416
Phil Condit,3620699
Jorge Torres-Torres,3773771
Andreas Nilsson,0632155
Stephan Couturier,1640597
Camilo Abadía,2179589
Jim Rubino,1503442
Ward Roberts,1336690
Michael Sohcot,2629400
Lee Ginsburg,3169271
Chris Hickey,3881964
Anne Klotzek,4007867
Jean-Paul Husson,0404072
Martin Fox,6362641
Pat Carpenter,1053656
Andrew Alan,4952111
Peter Roberts,1174664
Cristina Malavenda,2944013
Adam Gagnon,4479652
Guerric Catala,2046065
Bill Sebastian,0780934
Ya'Ke Smith,1437568
T.J. Nelson,3028640
Mark Spence,5115181
Ceasar Augustus,5721056
S.B. Uddhav,5039925
Javier Estévez,3157746
Andy Warski,5223366
Sebastián Radic,5305851
Juan Carlos Fanconi,4736731
Bessie Ludd,5210731
J.F. Leduc,1436266
Adam Loughlin,4764624
William Xiong,6370362
Daniel Leeb,1633351
Aryan Kaganof,0449365
Krystle Klein,4754683
Pietro Malegori,4069021
Rafaël Ouellet,1980782
Jason Diaz,7533718
Nick Schrotenboer,5283647
Ghizlane Assif,5036665
Carolina Syraquian,5221194
Mayon Denton,3834273
Michael Fredianelli,3008388
Johnny Meier,0576687
Dawn Feather,2649679
Oliver Reim,4131486
Mauro Ruvolo,1294627
Ranu Day,3803007
Chiara Griziotti,2299949
Antony De Gennaro,2216402
Jean Dubreuil,0239572
Peter Sawka,3424397
Tabatha A Tower,4875355
Mariana Lifschitz,2578964
Artur Lis,3765946
Robert Swartz,1321479
Martin Faltermeier,2217231
Jessica King,1677881
Raphaela Luchsinger,5150070
Joseph Wilson,4128617
Fernando Lavanderos Montero,1473843
Donte Williams,5032131
Daniel Falicki,3048607
Teddy Smith,4092725
Iris Almaraz,1825102
Eddie Brown Jr.,2726815
Tielman Dewaele,4853160
Xu Kerr,4392056
Marcus Hardy,7384318
Julius Roden,3034572
Anna e Rebello Gomes,5103481
Sasi Menon,6809228
Peter Alderliesten,0006418
C.J. Lozada,4667464
Moises Servin Jr.,4965228
Leonid Andronov,5055059
Guillermo Grillo,0342034
Brian Kosisky,3289517
Pau Bacardit,2969905
Ilya Malov,9203255
David Liddell Thorpe,3187859
Carlo Cagnasso,3704397
Jaak Ollino Jr.,3761289
Christina Papi,2769284
Adam Marcus,0546057
Walter Gonet,5876995
Pedro Durán,0244553
Donald Revolinski,3871907
Oscar Malm,3172478
Luis Zerón,3860616
Jason Alexander,0004517
Robert Elschner,4532243
Aubry Peters,4247567
Marco Fantacuzzi,3627318
Scott Ballard,2837143
Don Cassidy,0144183
Helene Odden,4731178
Christian 'Kang' Bachini,3985011
Ivan Wild,1414133
Sebastian Stoffels,4670202
Laurent Firode,0278705
Irenej Vid Bosnjak,6331678
Scott Hillman,0385080
Hunter Knight,2907481
Karlos Alastruey,2116738
Katrina Kudlick,4573115
Leonardo Cauteruccio,3739481
Faizul A. Rashid,2702332
Anderson Boyd,2326768
Markus Selg,10606559
Joseph Villapaz,3783639
Greg Stees,2953047
Flavio Catandi,5091654
Marc Capdevila,6562878
Chris Boni,5050746
Chris Harvey,2751124
Christopher Pietak,5087058
Massoud Dowlatyari,8705817
David Solbjørg,5085039
Briana Frapart,3621015
Nicholas Redding,10145798
Dimitris Mastoras,5301975
Michal Wieliszewski,5783845
Vicente Del Baldo,8592485
Marco Pavone,4371853
Rick L. Winters,2686952
Tonjia Atomic,3762714
Emily West,3148948
Kevin Sandera,5956033
Erline O'Donovan-Clarke,3093727
Ryan J. Beacher,4716183
Petra Pansegrau,5456510
Alex Justinger,1980949
Richard Halladey,0356250
Robert Gruen,5307739
Sergey Semyonov,6678491
Anne Chechler,4001283
Chris Davies,0203646
Richard Todd,0865262
Shinsuke Kato,6864052
Dan Salas Sr.,5543717
Curtis Bisel,11056474
Daichi Amano,5002626
Max Fey,2429461
Luke Henderson,8744706
Levi Symus,5152734
Chase Craig,5143716
Rex Harsin,2266146
Ross Wells,7019075
Neno Muzdeka,3602458
Jelger Dees,9430655
Ben Patterson,5161733
Bryan Shaw,1460154
Louis Snooks,6156380
Craig Bartholomew Strydom,3402058
Lou Karsen,2416140
Anthony Cupo,1479767
Jaime Valdueza,0883777
Esben Bay Grundsø,4730656
Aaron Marshall,7321956
Jörg Kadler,0434376
Harry Yoon,1316292
Ronelle Loots,0519787
Zack Parker,1556132
Ajit Nair,5134321
Nitin Rokade,1204013
Cicek Kahraman,2496088
Youssef Delara,0216459
Toby Wilkins,0929317
Ximena Alejandra Franco,4817432
Cindy Clarkson,0165078
Darren Orange,2762131
Protim Khaound,5692560
Lawrie Brewster,3879509
Evren Lus,3714306
Christopher Seguine,1337568
Jason Loughridge,0521791
Abhijit Deshpande,2609815
Thierry Ragobert,2177685
Elodie Leyne,2197581
Omar Flores Sarabia,3107249
Gal Muggia,3885598
Ahmet Can Cakirca,1135536
Federico Maria Maneschi,0541998
Geoff Klein,2017069
Jay Dahl,1298894
Moziko Wind,3135852
Vandon Gibbs,3106778
Mark Polonia,0689789
Alex Hennech,0377192
Zac Hargrave,3103681
Deric Olsen,1519332
Brady Corbet,1227232
Christopher Hong,3354385
Galina Leinen,3080141
Richard Shaw,0789935
Akshay Mohan,3875120
Nicholas Papazoglou,3478551
Freddy Noriega,0635332
Gerry Marto,5706663
Simon Thorne,1510016
Sudharshan,7743060
Tony Robinson,0733153
Joni Harsha,5696620
Jamie Lockhart,2826821
Iféoluwa Babalola,5576394
Andrea Bonanni,3838267
Dipak Kapur,5035647
Leyla Naimi,5497335
Peter Goddard,3810161
Ghada Ezzeldin,2487438
Catxo,5442911
Mandy Roberts,5510037
Julian Schöneich,4942607
Ricardo Alves Jr.,3140272
Philip Mearns,5327983
Sergey Gavrishkiv,1539180
Josh Sands,2901061
Carl Adelson,3760908
Almudena Molero,6020644
Henok Birhanu,5494837
Doug Sebastian,5193021
Paul Monaghan,1126845
Braedan Herrera,3298210
Seth Clark,1250343
Federico Muchnik,0610873
César Custodio,0193813
Or Ben David,4534325
Johan Vásquez,9965233
Lars Sigsgaard Berg,4175820
Shawn Burkett,4624934
Patricia Chica,0004509
Marta Forné,2007957
John Gabito Angel,6193332
Max Berner,1448860
Cameron Scott,2891034
Shane Holford,6319076
Bijhan Clarke,5676194
Claire Villa-Real,3122260
Mendos Antony,4691111
Roberto Cicogna,5818350
Arjin Uppal,5730005
J.J. Adler,1766495
Ziggy Peake,6260187
Hugo González Molero,8113201
Pamela Bloodworth,1749527
Wibecke Rønseth,0754052
Marc Verna,5343416
K.M. Prakash,5726323
Carlos Berrios,1906001
Joel Kapity,3787598
Tristan Newcomb,3417987
Matt Stanasolovich,5401590
Alicia Hicks,3315187
Johnson Thomasson,3861736
Luciano Renzoni,5594017
Suresh Armugam,8022892
George Jarlego,0418730
Ismael Lotz,5163027
Carol Brandt,5268094
Brian Bayerl,2288911
Sreenivas,0820204
Hossein Eyvazi,9312150
Vaughan Buckley,6385346
Samjith Mohammed,3873116
Michael Middleton-Downer,3476385
Alvin Kasule,5531372
Masashi Omino,3699682
Kath Dooley,3189052
Stefanie Sparks,2728695
Carlos Martínez,7522271
Doug Gerber,4991503
Sean MacGowan,4670416
Kelvin Zawadiuk,5479023
Andi Pulung Waluyo,1320408
Michael Corish,1979953
Cedric Regino,3427986
Matt Smith,1741002
Khireddine Ouazaa,5627603
Ruben Garcia,0305423
James Bock,3535230
Nandan Rao,2360648
Julian Francis Adderley,1158273
Wanting Ye,2809853
Flavio Sciolè,2080770
Uche Ike,3353781
Bryan Mir,1683618
Steven Burlinson,5648355
Mayra Moran,5489733
Jozef K. Richards,3783540
Jonathan Case,9088113
Qiuyue Wang,5966615
Ryan Enkema,4951916
Flor Efrón,2118953
Andrea Scarcella,5093711
Monty Tiwa,1295189
Marcelo Echaniz,4698206
Travis Wolf,5405210
Mike Nicholson,1374107
Adam Thomson,2465288
Yasuo Sato,0032875
Lewis Guthrie,7298243
Will J. Barker,3761102
Kirk Ferriola,6780153
Rajesh Dash,3077001
Yoga Krispratama,1818839
John Clerkin,9765274
Kohan Killetz Segal,5898132
Tchouichoui Edith Rene,3996437
Graham Keyte,5696070
Tyler Lund,4776099
Doreen Ignaszewski,1954036
Frankie Symonds,9030942
Andy Miller,0587893
David Finkelstein,2196748
Francesco Vona,0903301
Simon Mulholland,0611863
Sam Baxter,2743822
Diego Marx Dobles,3505074
Keren Cytter,2983517
Hayden Hall,6968274
Life Garland,0307545
Zvika Pincus,3455794
Ismael Zgaib,5923458
Luis Robledo,0733287
Andrew L. McClain,6359632
Sergey Iordanishvili,6084182
Pete Bovan,5596113
Manjeet S Gill,4193680
Gabrielle Giacomo,5573920
Cody Swanson,10413043
Aish Shukla,7348095
Ted Means,11077933
Roman Gabriel Arriola,3925610
Juan Carlos Fajardo,2587927
Tyler Herron,6787020
Nick Payne,5387559
Ibrahim Kassa,5074396
Daniel Gabbe,0299982
Éric Pinéda,1633054
Sam Reyes,2666773
Chris Lorusso,2501165
Janina Herhoffer,0378961
Tushar Parekh,5815911
Stephen Haren,1647070
Ricardo Javier,2126467
Yi-Ning Chiang,4458078
Jason Banker,1557549
Kimberly Levin,1130208
Mark Pirro,0685314
Amy Davis,0079140
Yannick Leroy,5389485
Chris Niespodzianski,3402412
Alfredo Mendoza,2957656
Roe Dayzon,5198009
Juan Pablo Di Bitonto,1103864
Roman Aguirre,4113177
Preetam Naik,1733404
Troy Dennison,4574361
Nagendra Urs,2398768
Michael Muncy,6162445
Rob Burgos,2067922
Doaa Fathi,6158950
Austin Snell,6516550
Mikhail Churbanov,1650399
Rob Rowatt,3550965
Jennifer Valdes,5154250
Ryan Long,4784163
Rami Airola,4147920
Paola Amor,0025191
Jonathan Fraser,0292167
Billy Surges,5582491
Paul J. Thomas,8592543
Davide Sibaldi,3218833
Moshin Rizvi,6681574
Brandon Ballard,8634937
Jeffrey P. Nesker,1681927
Chaz Ludwig,7758201
Mike Burciaga,2078834
Darasen Richards,8930870
Sunder Shetty,1575823
Michael Cavanaugh,0146938
João Canadinhas,2638827
Michael-Angelo Munoz,3492022
Leon Ashworth,7910769
Gurjant m Singh,5325578
John Duffy,0240555
Dustin O'Neill,4436695
Nahuel G. Rebollar,7175215
Rosario Cervio,3789632
Olivia Neergaard-Holm,4302809
Maéva Dayras,5297665
Jamie Rivera,2879558
Tim Nackashi,1519201
James Kondelik,3303482
Jake York,0948707
Dounia Sichov,3593438
Karl T. Hirsch,0386504
Ronnie Sortor,0815242
Robin Lee,10071447
Jamie Cobb,2702932
Jason Schmid,0772701
Paul Summers,0814081
Honey Sethi,7156671
John Downie,4821379
Reza Jouze,4619265
Shiva Bayappa,6575621
Matt Rozzell,3170459
Chase York,5069642
Madhu Chintala,7158447
Mounir Chakor,4368272
Jimmy Henderson,6014885
Daniel Loiewski,3401866
Delfina Castagnino,1384379
Fang Qian,3513469
Chuck Lankford,6382228
Joseph Goncalves,7025487
Henry Snyder,4440943
Nathalie Triniac,1589753
Sean Strauss,6112153
Andreas Winterstein,3622660
Manoel Felciano,2280555
Sandie Bompar,1180825
Louis Turner,5308070
Yuki Otsuka,2976841
Daniel Tom,5860003
Kunal Duwadkar,7435607
Young-sam Park,4725104
Miguel Barreda-Delgado,9227680
Muhammad Yusuf,3784179
Jean-Manuel Fernandez,4143789
Enrique Ellerker,5565468
Sean McGrath,2602813
Afshin Toussipour,7339705
Melissa Boratyn,7710511
Joe Lemieux,1103452
Enis Ucer,6227462
Christopher M. Carter,0141532
Baki Gedik,6826867
Graeme MacMillan,6688928
Adam Gerstel,1159034
Francisco Ramirez,2084568
Raymundo Archila,4804830
John Gillanders,1007082
Shanmugam Velusamy,6327307
Kyle Tekiela,2069337
Andrew Webber,1267376
Yvan Gauthier,0310329
Amanda Hughes,6695783
Nathan Alan Thomas,4275920
Ruben van der Hammen,3643070
Mickey Gaidos,8073862
Tony Dean Smith,1046827
Joe Parsons,3339201
Fabrizio Famá,6965953
Edo Brizio,1353238
Jitendra Prakash Dongare,7055910
Ethan Holzman,0392838
Anna Kappelmann,1493157
Michael Reilly,3650203
Anthony Bueno,2410288
Marisa Montes,2412144
Brendan Nagle,3576812
Ron Zlatkin,8521175
Alex Kamb,7196043
Michael Lafferty,8599047
Lance T. Karasti,3778064
Luiz Cleber Schatzmann,8156909
Elvira Ortiz Munoz,8583406
David Lunday,7858155
Beresford Bennett,0071606
Phil Koch,0462390
Javier Mollo,5807266
Ken Andrus,3675285
Wally Aime,5325023
Casey Black,5201707
Vincent Guerrera,8853362
Erik Hurt,6213741
Jason Hawkins,3888862
Jesus García,8930717
Jerome Eltabet,1593899
Anindo Chatterjee,3532874
Sébastien de Sainte Croix,1435017
Cyril Besnard,1462491
Harvey White,1242501
Keith Jared Hollingsworth,6447090
Junaid Siddiqui,7973999
Judd Brannon,6832035
James Coleman II,0170903
Dean Kavanagh,3589038
Phil Gorn,1486721
João Lobo,10238464
Kaprice Kea,1241580
Dan Pedersen,2752118
Grégory Papinutto,9846351
Gaugin Venkatesh,7801551
Aloísio Araújo,7368795
Tengku Iskhandar,9142270
Austin Box,8721527
Juan Bodi,9781697
Michael Jones,0001994
Ryan Philander,3637865
Akhil Alias,7987078
Jordan Hudecz,9630604
Lorenzo Conte,8978658
Fabrizio Federico,3812212
Ranjit,0710211
Carlos Silveira,0798596
Charles Mawungwa,4754936
Wolfgang Weigl,1553355
Mziah Mahakuassah,5315499
Dragos Teglas,4346061
Kayode Kasum,10050155
