ID,Name_New
1794688.0, Darin Brooks
1299510.0," ""Genelia DSouza"""
6098052.0,Naomi Velissariou
1975050.0, Tiera Skovbye
5512.0, Mike Tyson
2901.0, Muse Watson
3732165.0,Ava Acres
5385972.0, Jack Fulton
203567.0, Alexandra Davies
2463487.0, Ramya Nambeeshan
467559.0, Kane Kosugi
1329780.0, Jamie Johnston
1450183.0, Dustin Ingram
1526352.0,Jaimie Alexander
452576.0,Ford Kiernan
200601.0,Peter Dante
5676783.0, Anas Abdul Aziz
1017633.0,Alia Bhatt
1017633.0, Alia Bhatt
2428370.0,Theo Stevenson
29434.0, Arthur Angel
4162923.0,Jesse Metzger
1911617.0, Neetu Chandra
5157662.0, Lulu Wilson
138096.0,Janne Carlsson
2222743.0,Caleb Steinmeyer
2113653.0,Richard Harmon
2101.0, Robin Givens
1846132.0, Joe Swanberg
1846132.0,Joe Swanberg
2322406.0,Gunner Wright
5014095.0, Nishant Malkani
2253.0, John Lynch
4879999.0, Taylor Bottles
1035206.0,Keir Charles
2554052.0,Jordin Sparks Thomas
3629081.0,Alexander Niles
4111426.0,Holly Taylor
5654277.0, Bobby Simha
3747813.0, Megan Guinan
1717152.0,Jackson Rathbone
2377041.0, Matthew Kennedy
861502.0,Christopher Thornton
5877935.0, Caspar Lee
924278.0,Johnny Whitaker
588679.0, Josh Miller
4887.0, Nora Dunn
825279.0,Jean-Marc Stehlé
864997.0, Stephen Tobolowsky
3627186.0, Crystal Dewitt-Hinkle
4114024.0,Nicholas Blandullo
1298458.0, Guy Burnet
798.0, Linden Ashby
6309552.0, Sam Carter
163615.0,Adam Clark
821278.0, Freya Stafford
2536453.0, Kokoro Kikuchi
1504659.0,Ari Borovoy
429069.0, Rashida Jones
4665867.0, Frank Halbiger
1146051.0,Khary Payton
7876371.0,Walter Grasskamp
4622234.0,Raven Adamson
2965563.0,Anna Katharina Schwabroh
852.0,Jean-Marc Barr
395428.0, Anna Maria Horsford
2087116.0, Matt Ellis
302105.0, Anna Galiena
1740366.0, Tommy Knight
1410105.0, AJ Bowen
1410105.0,AJ Bowen
8075925.0,Millicent Simmonds
4122775.0, Ian Nelson
2086223.0,India Eisley
2086223.0, India Eisley
1304635.0, Mehdi Dehbi
6085533.0,Darius Williams
2043211.0,Rosalie Thomass
6616976.0, Caroline Traywick
3654108.0,Pamela Mitchell
1023537.0,Daniel Usaj
3011788.0, Pauline Etienne
1497279.0, Ryan Biegel
4887047.0, Sumayya Ali
204322.0, Cassi Davis
5178472.0,Caleb Thomas
870073.0, LaTeace Towns-Cuellar
4872352.0, Nicole I. Butler
3569554.0, Zennin Casl
6154971.0, Soma Chhaya
954348.0,Johannes Zeiler
300824.0, Kevin Gage
232998.0, Jeffrey Donovan
56041.0, Kacey Clarke
2860525.0, Margareth Madè
3323765.0,Takahiro Ono
3217731.0,Kainaz Motivala
280081.0, Grégory Fitoussi
2092917.0, Kent Moran
3536721.0, Christian Radford
1571804.0,Falk Hentschel
2010634.0,Ivet Corvea
1311329.0, Eden Sher
1711652.0, Owen McDonnell
1377375.0,Rachel Bilson
3808167.0, Lesley Youngblood
5626435.0,Guru Somasundaram
571375.0, Joseph McKenna
8359478.0, Armani GreatDane
272252.0,Peter Ferdinando
272252.0, Peter Ferdinando
5181257.0,Ben Radcliffe
235451.0,Michel van Dousselaere
953344.0, Mario Zaragoza
3700198.0,Andrew Bongiorno
459.0, Timothy Hutton
3035239.0,Evan Glodell
4961461.0,Isaac Love
4121613.0,Bailee Michelle Johnson
689185.0, Mark Polish
689185.0,Mark Polish
3603448.0, Bea Viegas
167649.0, Kim Coates
4767728.0,Nina Kiri
4767728.0, Nina Kiri
3888306.0,Siddhartha Gupta
3034348.0, Brianna Barnes
7126371.0, Savannah Liles
687146.0,Jesse Plemons
2788229.0, Lesley-Ann Brandt
1926211.0,Ignacio Rogers
5299.0, Sarah Paulson
349777.0, Ozan Güven
88379.0, Jason Blicker
3425494.0, Ursula Parker
1983888.0, Vir Das
1263093.0, Neeru Bajwa
3922475.0, Cody Hackman
4895.0, David James Elliott
1566474.0, Julianna Guill
512963.0, Cody Linley
1819083.0,Arjun Kapoor
1819083.0, Arjun Kapoor
3942758.0,Edmund Donovan
3171620.0,Reid Warner
3874296.0, Dulfi Al-Jabouri
2060371.0, Carrie MacLemore
49313.0,Liane Balaban
8430177.0, Charlotte Hartley
3099765.0,Tom Cameron
303073.0, Melissa Fumero
55503.0,Barry Barnes
930053.0,Ashley Williams
1750524.0,Melanie Papalia
1750524.0, Melanie Papalia
7044454.0, Taylor Rae Almonte
2694680.0, Henry Garrett
2990531.0,Sauvane Delanoë
813565.0, Alex Solowitz
408538.0, Lorenza Indovina
3600327.0, Jason Burkey
2090422.0,Constance Wu
1740381.0, Nicole Muñoz
1845347.0, Ikkyu Juku
3312826.0,Caitlin Gerard
241225.0, Alan Dukes
2288618.0, Martiño Rivas
2329187.0, Noah Schuffman
1006413.0,Limary Agosto
3034435.0, Jessie Wiseman
2559036.0,Shanyn Leigh
2219278.0, Michael Adam Hamilton
9314048.0,N.C. 17
2897828.0, Eli Jane
5606342.0, Susan Gray
1177440.0, Natalia Vodianova
1220886.0, Anne Hawthorne
1323562.0,Zana Marjanovic
1969196.0, Jackie Stevens
6928549.0,Theo Taplitz
792964.0,George Shevtsov
1680142.0,Najarra Townsend
4171010.0,Louize Verbeeck
4873.0,Andy Dick
5001551.0, Igor Zaripov
2924718.0,Justin Blanckaert
3781410.0, Sebastian Bull Sarning
2107665.0, Liam Boyle
3219917.0, Ethan Dizon
3867299.0, Alex Lawther
3867299.0,Alex Lawther
59088.0, Amanda Barton
973974.0,Devon Werkheiser
973974.0, Devon Werkheiser
6099602.0,Jason Drucker
7202377.0, Luis Coria
3901846.0, Swapnel Desai
1789970.0,Addison Timlin
1897713.0, Katharine McPhee
1150908.0,Francesco Scianna
881561.0,Kandido Uranga
2954288.0, Caitlin Thompson
706152.0, Henrik Rafaelsen
1505.0, Joe Mantegna
4205963.0,Oulaya Amamra
3199366.0,Manuel Vignau
639152.0, Ghita Nørby
1729.0, Craig Sheffer
1519639.0, Adam Nee
7925450.0,Nur Sarah Alisya
400606.0, Frank John Hughes
927833.0, Paul Wight
786919.0,Safak Sezer
7631768.0, Bryson Holl
1549503.0, Perla Haney-Jardine
219939.0, Danny Denzongpa
1394133.0, Esteban Lamothe
6026206.0,Adam Greaves-Neal
4702342.0, Astro
3107498.0, Dale Pavinski
549826.0, Sean Marquette
3399143.0,Taylor Firth
1484270.0, Harry Shum Jr.
128212.0, Anne-Marie Cadieux
54381.0, Ramón Barea
973652.0, Scott Holroyd
600806.0,Bien de Moor
1137659.0, Kathleen Rose Perkins
4941145.0, Francesca Capaldi
512934.0,Hamish Linklater
1694597.0,Tadashi Okuno
2788974.0, Madison McKinley
1233662.0, Virginia Newcomb
2782505.0, Charlotte Best
724116.0, Hoyt Richards
3501697.0,Lola Tash
1404553.0,Ashleigh Sumner
3322537.0, Sara Lazzaro
83674.0, Arved Birnbaum
523067.0,Todd Lowe
2377903.0, Lucy Boynton
4359664.0, Danielle Macdonald
1106960.0, Michael Jibson
1579753.0,Whitney Cummings
541909.0, Louis Mandylor
1656122.0, Nicole Vicius
507381.0, Johnny Lewis
3872230.0, Beulah Koale
607920.0,Amy Morton
1997689.0,Mercedes Mason
51397.0,Jamie Bamber
2828850.0,Juan Luis Acevedo
4007171.0,Percy Hynes White
4007171.0, Percy Hynes White
439002.0,Nikos Karathanos
3789989.0, Alexandra Roach
3081768.0, Cassandra Clark
2161450.0,Milos Bikovic
522882.0, Andrea Lowe
4914976.0, Cosmina Stratan
1799038.0, Vidya Balan
1799038.0,Vidya Balan
2886781.0,Chris Osborn
1622615.0, Josh Cooke
380632.0,Damon Herriman
1419635.0,Mehcad Brooks
2128238.0, Sonam Kapoor
2128238.0,Sonam Kapoor
535837.0, Francis Magee
296546.0, Nika Futterman
5555161.0, Jimmy Tatro
2815326.0, Amit Sadh
1269723.0, Adam Pally
1124273.0,Ben Boodman
4456120.0,Elizabeth Debicki
1404359.0,Erica Ash
484678.0, Michael Landes
4901590.0," ""Anna OByrne"""
4482049.0, Nicholas McGough
393535.0, Randeep Hooda
393535.0,Randeep Hooda
869035.0, Massimiliano Tortora
6138282.0, Will Stout
218843.0,Mathieu Demy
6814353.0, Yogesh Shah
1074508.0, Amy Huberman
1631289.0,Kelli Nordhus
3331125.0, Yanina Studilina
388933.0, Jake Hoffman
7202378.0,Francisco Domingo Calarco
1800447.0, Rocío León
676370.0,Clarke Peters
6913937.0, Macarena Carrere
1758779.0, Raj Singh Chaudhary
641354.0," ""Denis OHare"""
4581120.0, Jessica Errero
6552202.0,Brianna Hildebrand
6552202.0, Brianna Hildebrand
1587729.0, Finn Wittrock
3049546.0,Laura Brent
4092854.0, Abigail Hardingham
546765.0, Stuart Margolin
428923.0,Nathan Jones
3915191.0,Claire Baschet
3026010.0,Angélique Litzenburger
1027986.0,Julian Barratt
3499098.0, Camille Balsamo
3303059.0,Tallie Medel
2965591.0, Ibrahim Celikkol
159008.0,Noam Chomsky
4842994.0,Anna Harr
996669.0, Common
5719446.0, Aly Lovelace
3359154.0, Daniel Allen Kent
1848603.0, Sean Panting
4658351.0,Lukas Ionesco
2943468.0,Logan Huffman
1950.0, Steve Bisley
4091175.0,Alex Ashbaugh
7774639.0, Kristy K. Boone
899489.0, Sofía Viruboff
3276414.0, Chasty Ballesteros
934618.0,Philip Winchester
33843.0, John Arcilla
4175887.0,Emily Goss
505391.0,Paul Levesque
4004372.0,Graham Rogers
4004372.0, Graham Rogers
4004372.0,Sam Rogers]
13207.0,Diana Agostini
1943.0,Marisa Berenson
5493310.0, Gilad Kahana
3433735.0, Tom Hughes
3433735.0,Tom Hughes
4743.0,Gil Bellows
1498725.0,Milo Cawthorne
2095535.0,Lisa Curtis
526952.0, Edmund Lupinski
1812345.0, Krew Boylan
3262742.0, Fatima Ptacek
159900.0,Shawn Christensen
3264596.0, Kid Cudi
420564.0,Tobias Jelinek
1424.0,Udo Kier
125217.0,Brent Butt
155741.0,Cheran
1927701.0,Tyler James Williams
212563.0,Adam Deacon
653660.0, Peter Outerbridge
863599.0, Filippo Timi
1443368.0,Brett Gelman
5128387.0,Teo Halm
1715194.0, Anita Briem
1683204.0, Carol Goans
1761573.0,Grifon Aldren
3140698.0, Rin Takanashi
832380.0,Ed Stoppard
4980387.0, Mateo Chiarino
4424993.0,Karan Kundrra
1059821.0, Kevin M. Brennan
1085525.0,Engin Günaydin
5200884.0,Elcin Atamgüc
4381109.0,Josiah Patkotak
3507755.0,Geraldine Hakewill
222336.0, Seamus Dever
3848064.0, Sonakshi Sinha
706721.0,Rahman
594073.0, Ken Mitsuishi
7237.0, Leonor Varela
4707053.0, Dainius Jankauskas
214302.0, Justin Deeley
214302.0,Justin Deeley
3091777.0,Josh Brener
3091777.0, Josh Brener
295740.0, Jarl Friis-Mikkelsen
2832424.0, Killian Scott
1327.0, David Hasselhoff
881672.0, James Urbaniak
7334437.0,Allie Marie Evans
4797922.0,Vijay Deverakonda
219292.0,David Denman
571106.0,Michael McKean
1175678.0, Zane Holtz
2392948.0, Jim Cissell
427.0, Pam Grier
687625.0, Glenn Plummer
5053217.0, Ethan Philbeck
4990417.0, Geetanjali Thapa
4452673.0, Corey Richardson
727041.0, Gina Riley
2760330.0,"""Fionn OShea"""
2800616.0,Dragomir Mrsic
436064.0, David Kallaway
3271473.0, Austin Stowell
132300.0, Christa Campbell
22306.0, Laz Alonso
5219118.0,Gina Piersanti
5219118.0, Gina Piersanti
2297741.0,Mbong Amata
295506.0,Colin Friels
76889.0,Mélanie Bernier
3819313.0, Roger Mendoza
861771.0,Linda Thorson
760151.0, Angus Sampson
5369524.0,Joshua Cameron
1052026.0,Jay Gallagher
1475275.0, Summer Shelton
3132111.0,Ana Golja
791723.0, Quinn Shephard
2956469.0," ""Durrell Tank Babbs"""
2229775.0,Toby Nichols
942247.0,Bonnie]
2930154.0,Elliot James Langridge
4821788.0, Larry Mills
3164292.0,Sampath Raj
1152495.0,Cian Barry
1508902.0, Jaimi Paige
1535380.0, April Pearson
1637653.0, Liam Gillick
1172901.0,Nora-Jane Noone
5255035.0, Jesse Cordasco
791570.0, Ben Shenkman
7316148.0, Kalieaswari Srinivasan
7764877.0, Jessie Ok Gray
4449711.0,Kartik Aaryan
1779702.0, Ayesha Takia
435.0, Daryl Hannah
1365.0, Whitney Houston
5846139.0,Raquel Martínez
350.0," ""Beverly DAngelo"""
2055792.0,Ruta Gedmintas
1727317.0,Lucas Grabeel
10906443.0,Porfirio Ramire Aldana
329511.0, Malcolm Goodwin
583570.0,Josh Meyers
6996153.0, Max Brebant
4174075.0, Mats Verbeeck]
1641212.0, Clara Furey
408309.0, Celia Imrie
2564938.0,Adelaide Clemens
316743.0,Timothy Gibbs
685877.0, Reni Pittaki
2810482.0,Makis Papadimitriou
1500343.0, Andy Rodoreda
2353331.0,James Krishna Floyd
404806.0,Fedja van Huêt
1152798.0,Joseph Mawle
4095121.0, Russell Balogh
1248373.0,Gina Holden
2946699.0, Christopher Schmidt
6421259.0, Madeleine McGraw
669656.0,Ethan Peck
3093997.0, John Baker
1463605.0,Gage Golightly
1167985.0,Lewis Tan
84153.0, Nic Bishop
565647.0,Zahn McClarnon
2684020.0,Alec Owen
8051850.0, Ramya Pandiyan
3437671.0,Cassandra Forêt
5072.0, Naomi Judd
2572554.0, Peyton List
1898746.0,Sedef Avci
2405382.0, Ian Meadows
5249562.0, Pooja Hegde
2155525.0,Beau Mirchoff
4274360.0,Malin Buska
5121337.0, Redaric Williams
1097364.0,Rob Huebel
1589801.0,Val Emmich
1487670.0,Dominic Rains
252426.0,Jakob Eklund
1703577.0,Yifei Liu
2401020.0, Will Poulter
1984458.0,Devon Graye
1984458.0, Devon Graye
716490.0, Vincent Regan
716490.0,Vincent Regan
1331316.0, Soko
3126760.0, Marc Laurent
928657.0, Wayne Wilderson
1028991.0,Marieh Delfino
3299426.0, Norbert Tankó
4557468.0, Addison Graham
2734149.0,Julin
2734149.0, Julin
447240.0, Kunal Khemu
3502799.0, Crystal Coney
694044.0,Brittney Powell
3103829.0,Matthew J. Munn
3906344.0, Madeline Brumby
2269396.0,Toby Regbo
8286717.0, Ray Manahan
524240.0,Matt Lucas
3237441.0, Marlon Morton
4166709.0,Camille Rutherford
503919.0, Micha Lescot
365501.0, Bret Harrison
3504767.0, Christine Allado
2862369.0, Sky Elobar
3119274.0, Vansh Bhardwaj
3292413.0,Silje Reinåmo
3195983.0, Alycia Delmore
161023.0,Karin Anna Cheung
1097.0, Charles Dance
225332.0, Kim Dickens
972622.0,Sara West
1563736.0, Bronson Pelletier
3381295.0, Alexandra Shipp
2241512.0,Sterling Knight
852569.0, Jennifer Taylor
597480.0,Dominic Monaghan
6796793.0, Olivia Bond
3586035.0, Maisie Williams
1316767.0,Dallas Roberts
5036793.0, Sri
3166295.0, Huub Smit
3166295.0,Huub Smit
3884476.0, Saba Qamar
3138511.0, Yang Yang
15948.0,Scott Alan Berk
2272628.0, D.C. Pierson
5647588.0, Leem Lubany
2268311.0, Paul Sculfor
2795222.0,Steffen Mennekes
2389086.0, Amber Paul
1920131.0,Belçim Bilgin
3159225.0, Connor Kramme
925.0, Steven Berkoff
329784.0, Mikhail Gorbachev
2267725.0, Dora Madison
3288486.0, Libby Woodbridge
2546012.0,Kaya Scodelario
1270132.0, Stewart Scudamore
3641002.0,Austin Abrams
3641002.0, Austin Abrams
650702.0,Leland Orser
2728876.0, Helen Uskovic
62430.0,Lilo Baur
572030.0,Chad McKnight
149639.0, Camyar Chai
1204760.0, Kevin Alejandro
3880072.0,Sophie Bolen
246914.0,Ulrikke Hansen Døvigen
16263.0,Antonio Albanese
180984.0, Kevin Corrigan
180984.0,Kevin Corrigan
8358678.0, Ania Konczal
2093766.0, Luke Grimes
2722682.0, Uriah Shelton
798195.0,Adele Silva
3442270.0,"""Nigel ONeill"""
710770.0, Martin Rapold
160.0,Ethan Hawke
160.0, Ethan Hawke
707.0, Sean Young
3141662.0, Frederikke Dahl Hansen
1702656.0, Il Lim
1471952.0, M.J. Brackin
2381782.0,Tracey B. Wilson
3248988.0,Tabrett Bethell
4393949.0, Tyra Richards
2124.0,Melora Hardin
1249031.0,Ertan Saban
696894.0,Felicity Price
232278.0,Marc Donato
2267906.0, Brian Bascle
124666.0,Adam Butcher
4307643.0, Matthew McKelligon
3817161.0, Darrin Bragg
2636108.0, Aidan Turner
968.0,Sônia Braga
990095.0, Sara Vertongen
2620289.0, Lotte Heijtenis
4806.0,Charisma Carpenter
2439510.0, Ratu Felisha
943699.0, Chris Wylde
2255973.0,Donald Glover
1146916.0, Eliza Bennett
5579.0, Christy Carlson Romano
629855.0,Julianne Nicholson
629855.0, Julianne Nicholson
547339.0, Jean-Pierre Marielle
2315650.0,Timothy McCracken
931324.0, Michael Kenneth Williams
1274725.0,Kerem Atabeyoglu
839146.0, Matthew Sunderland
2676147.0,Jonathan Groff
5424900.0, Paul Ferm
1768017.0, Anessa Ramsey
1552693.0, Kenny Wormald
954036.0, Natalie Zea
5710414.0, Thomas Cocquerel
2410391.0,Nushrat Bharucha
7874089.0, Elias Anton
1092489.0,Sanâa Alaoui
2264195.0, Amanda Carrier
83795.0, Eva Birthistle
185404.0,Richard Coyle
122716.0, Jere Burns
2421725.0, Logan Manus
2873528.0,Alison Woods
1703853.0,Telmo Churro
3999518.0,Rashmi Gautam
1345108.0,Jason Palmer
1011075.0,Leo Fafard
4315764.0,Chris Gibson
2125902.0,E.J. Bonilla
2028004.0, Ry Barrett
2822103.0, Sofia Pernas
3500582.0, Teyonah Parris
3272618.0,Hilda Péter
2651139.0, Pernell Walker
5649091.0, Shaun Thomas
6610270.0,Anuk Steffen
3416247.0, Patrick Johnson
362484.0, Cory Hardrict
6192494.0, Tara-Alisha Berry
1043935.0,Adam Hampton
6746117.0, Martha Canga Antonio
274704.0,Veronica Ferres
2903202.0, Todd Kubrak
6770070.0, Sunny Leone
6770070.0,Sunny Leone
3099156.0, Sophie McBride
526985.0, Patti LuPone
1004435.0,Roy Haylock
1396022.0,Anna Torv
397.0,Corey Feldman
5653987.0,Rezeta Veliu
735424.0, Marc Rodriguez
1375534.0, Trisha Krishnan
724460.0,Cameron Richardson
5180312.0,Brandon Rife
265189.0, Kate Fahy
4672312.0, Emily Wadley
5651476.0, Claire Ganshert
5038695.0, Brontez Purnell
2295590.0, Kevin Guthrie
859702.0,C.J. Thomason
3524804.0, Agatha Couture
1670304.0, Deja Kreutzberg
324658.0, Walton Goggins
8463815.0, Lola Botha
651692.0,Kent Osborne
651692.0, Kent Osborne
2828980.0,Matthew Ludwinski
4630687.0, Jaco Muller
3737103.0,Thomas Vita
1792864.0,Chad Michael Collins
4311746.0, Aubrey K. Miller
3708470.0,Ramez Alkhoury
3713653.0, Kriti Kharbanda
3480246.0,Ella Purnell
3125803.0,Wayne Virgo
6980367.0,Kristian Wang
1338828.0, Ennis Esmer
125475.0, Norbert Leo Butz
3404934.0,Charlie Bewley
2413125.0,Terrence Jenkins
3289096.0,Sidharth Malhotra
3289096.0, Sidharth Malhotra
4735495.0,John Karna
405103.0,Sarah Hyland
405103.0, Sarah Hyland
59215.0, Mischa Barton
59215.0,Mischa Barton
4563820.0, Rotimi
2123360.0, Alex Francis]
3498991.0, Alexandra Park
4760.0, Jennifer Blanc-Biehn
424684.0, Bryce Johnson
3228287.0, Skylar Gaertner
3033378.0,Joséphine de La Baume
6285328.0,Elle Graham
1446779.0, Luke Mitchell
3377137.0, Adi Bielski
924154.0,Shea Whigham
3922858.0, Naima McLean
2282598.0,Ben Fine
3162943.0,Chris Salvatore
1423231.0,MacLeod Andrews
1854211.0, Charlie Barnett
3458185.0, Jill Evyn
1017292.0,Cristina Peña
3550415.0,Daniel Carlisle
2167445.0,Gethin Anthony
3083352.0,Alexia Rasmussen
4014281.0, James Joshua Blake
3750338.0, Prashant Prakash
661917.0, Ray Park
1935292.0,Allison Miller
1935292.0, Allison Miller
661950.0, Stephen Park
1763577.0, Serkan Keskin
3602411.0, Evan Dumouchel
2845866.0, Kaitlyn Black
21948.0,Agustín Almodóvar
3591549.0, Sarah-Jane Dias
820767.0,Michael St. Michaels
112868.0,Michel Brown
641192.0," ""Ardal OHanlon"""
1036211.0,Robb Wells
788218.0, Michael Shanks
788218.0,Michael Shanks
38969.0, George Ashiotis
7770725.0, Daniel Jose Molina
641518.0,"""Tricia OKelley"""
913465.0, Jascha Washington
3198709.0,John Paul Ruttan
1024107.0,Ambyr Childers
2728917.0, Zack Gold
531069.0, Kate Maberly
5036385.0,Mitchell Musolino
2273391.0,Mike Hatton
3349196.0,Amelia Brantley
16686.0,Viv Albertine
5991573.0, Leonardo Lima Carvalho
1620783.0, Meghan Markle
1620783.0,Meghan Markle
416596.0,Jesse James
4141375.0, Saba Mubarak
5427601.0, Carolyn Bracken
895759.0,Karin Viard
3108675.0, Toby Wallace
4298048.0,Mauricio Kuri
3239803.0,Kaitlyn Dever
1883440.0,Steve Talley
1233.0, Robert Forster
2173711.0,Jade Ramsey
451379.0, Akshaye Khanna
1644195.0,Jason Kulas
1307940.0,Scarlett Alice Johnson
2862685.0, Theo Trebs
3527797.0,Benjamin Bonenfant
569337.0,Ted McGinley
220450.0, Maeve Dermody
4515915.0, Sebastian Blyckert
1336552.0, Goran Kostic
3182094.0, Chris Colfer
4921260.0,Dulquer Salmaan
1050125.0, Jung-Jin Lee
2935952.0,Yoav Donat
4761.0, Rachel Blanchard
356003.0, Pooch Hall
646792.0,Christian Oliver
8358677.0,Anastazja Borkoniuk
652184.0,Juan Osorio]
745403.0, Todd Rotondi
3328097.0, Gülsen Özbakan
1213456.0,Gia Mantegna
1213456.0, Gia Mantegna
4914.0,Fergie
117420.0,Andrew Bryniarski
2766221.0, James Gilbert
2282254.0, Joshua Mikel
909412.0, Martin Wallström
4072876.0, Darwood Grace
3743828.0,Clare Niederpruem
1034965.0, Bryan Greenberg
3972775.0, Sarah Kazemy
4943457.0, Pierson Fode
3865073.0, Vivaan Shah
153610.0, Lauro David Chartrand-DelValle
4210718.0, Arabella Oz
949210.0, Michaël Youn
3522635.0,Joel Smallbone
195626.0,"""Chris DElia"""
2118257.0, Annabel Scholey
507.0,Rob Lowe
1868511.0,Jim Annan
3263076.0, Joyraj Bhattacharya
5101259.0, Idriss Abdillahi Houfaneh
1813194.0,Amanda Marsden
381723.0, James Hetfield
1026212.0, Elena Schuber
1051295.0,Hunter King
5991572.0,Kevin de Paula
1120316.0,Joe Hursley
3674551.0, Sarah Sharman
3950210.0, Bailey Noble
495920.0, Julie LeBreton
2992079.0, David Schlachtenhaufen
2076044.0,Ben Weaver
3762369.0, Rebecca Da Costa
2156780.0, Loes Haverkort
569086.0,Joanne McGee
3117921.0,Naomi Battrick
3993725.0,Marion Casabianca
2189625.0,Lucy Griffiths
419112.0, Rob Jarvis
1679778.0,Sylvia Hoeks
348231.0, Sean Gunn
2811944.0, Josh Bowman
2811350.0, Peggy McClellan
1463709.0,Fiona Gubelmann
4055138.0,Charlie Plummer
1640351.0,Kristina Klebe
2218213.0, Claudia Bassols
85359.0, Jordan Black
644366.0, Nicholas Ofczarek
4187988.0,Monica Engesser
836432.0, Tom Sturridge
2048731.0,Sadie Katz
5030959.0, Keenan Lehmann
5864806.0, Diane Rouxel
192.0, Alyssa Milano
2477239.0, Alex Beckett
1634832.0,Christopher Backus
376602.0,Shirley Henderson
524257.0, Peter Lucas
1526347.0, Sílvia Abril
1287928.0, Amy Matysio
786639.0,Brendan Sexton III
821612.0,Jewel Staite
776193.0, Armand Schultz
2261451.0, Michael Bisping
3851308.0, Hayley Magnus
5921266.0, Alessia Navarro
3004325.0,Skylan Brooks
2602328.0,Bel Deliá
1159.0, Faye Dunaway
4775165.0,Justin Ray
376157.0, Greg Hemphill
4045867.0, Garrett Backstrom
264.0, Pedro Almodóvar
1964199.0,Paulie Rojas Redding
4504897.0,Dave Davis
1147.0, Shannen Doherty
3094966.0,Soraya Omar-Scego
236202.0,Nicholas Downs
2528451.0,Josephine Decker
6997351.0,Malena Morgan
2717565.0, Fawad Khan
10167633.0,Jennifer Ellis
7817646.0,Logan South
660860.0, James Paradise
2336665.0,Sahar Biniaz
1898126.0, Mike Birbiglia
2895291.0, Bob Newman
369935.0, Allan Hawco
8077779.0, Lucas Papa
4946445.0,Nana Nanaumi
2807846.0, Jack Gordon
152615.0, Lisa Chappell
5143535.0,Emilian Oprea
2409479.0,Mikaela Hoover
3024307.0,Reza Rahadian
382854.0, Greg Hicks
234807.0, Amanda Douge
1939487.0, Diana García
930226.0, Caroline Williams
4244312.0, Harsh Mayar
2327153.0,Naoko Watanabe
1421927.0,Eugenia Suárez
458951.0, Robert Klein
669853.0,Aaron Pedersen
1649782.0,Johnny Harris
1963091.0, Evan Ross
1963091.0,Evan Ross
82052.0,Jan Bijvoet
1193045.0,Peter Benson
4783752.0,Miah Madden
2649256.0, Jennifer Flaks
3661913.0, Kevin Wu
9252.0,Roy Abramsohn
1081566.0, Akilas Karazisis
6372349.0,Francesca Agostini
416556.0, Henry James
3579312.0,Brittania Nicol
1933128.0,Bailee Madison
3225244.0,Jacob Newton
2104193.0,Shoshana Bush
1640326.0, Angela Trimbur
2515895.0,Jaclyn Jonet
4150847.0,Stephan James
4920683.0, Mari Yoshida
829252.0,Catherine Mary Stewart
3818286.0,Sushant Singh Rajput
96165.0, Steve Borden
1332421.0,Javier Bódalo
1596691.0,Shane Twerdun
413556.0, Gildart Jackson
2082776.0,Hale Appleman
1822183.0, Andra Fuller
39673.0, Ian Aspinall
3057622.0,Kayden Rose
1047732.0, Jaren Brandt Bartlett
4485227.0,Jett Bryant
2168613.0, Karmine Alers
1080620.0, Alessandra Ambrosio
2901686.0, Charlie Carrick
7905546.0,Lila Malika Korac Sitaric]
2446109.0,Stephanie Edmonds
3349461.0, Arunoday Singh
4858207.0,Tanuj Virwani
2926981.0, Diego Ruiz
3240106.0,Jakob Salvati
1721063.0, Ryanne Duzich
3349471.0,Jesse Carere
1865462.0,Alyshia Ochse
4387505.0, Asma Al Shiukhy
1048247.0,Amber Jaeger
1361530.0,Steve Oram
1302751.0, Cody Ray Thompson
1082823.0,Eric Bauza
1054247.0, Alexa Nikolas
1638217.0, Sarah Mutch
1667364.0,Ashley Benson
3009232.0, Ezra Miller
931656.0, Scot Williams
1762507.0,Jade Dornfeld
142356.0, Fabio Carussi
2091239.0,Melinda Bennett
3027401.0,John Hudson Messerall
57363.0, Barbara Barrie
4271182.0, Daniil Vorobyov
913587.0, Paul Wesley
1751183.0,Jasen Wade
2261396.0, Danay Garcia
989959.0, Ksenia Solo
3071592.0, Jonathan Shatzky
4897875.0,Danny Bage
9013144.0, Shubham Chintamani
4401889.0,Sathish Neenasam
3970988.0,Nikohl Boosheri
3472328.0,Matt Moore
2185539.0, Zachary Booth
673144.0,Javier Pereira
1621.0, Bronson Pinchot
2017931.0, Juan Riedinger
3312074.0, Mike Schminke
122511.0,Mark Burnham
6551035.0, Joseph Bour
992707.0,Oscar Redding
48336.0,Christopher Baker
6689368.0,Ezra James Colbert
520064.0,George Lopez
2717241.0,Ellen Dorrit Petersen
4516284.0,Allie Gallerani
553269.0,Margo Martindale
2906885.0,Scarlett Hefner
585034.0, Julianne Michelle
3658287.0, Bianca Bradey
192505.0,Kaley Cuoco
46347.0, Edouard Baer
1679669.0, Rosemarie DeWitt
3698048.0, Jaleh Alp
3367112.0, Amy Jackson
1058095.0,Danielle C. Ryan
1058095.0, Danielle C. Ryan
2837910.0,Stephanie Andujar
1382877.0, Jackie Long
661293.0, Monique Parent
498956.0,Rachelle Lefevre
4835900.0, Clara Do Espirito
4932304.0, Claudia Lee
1017221.0, Diana Gómez
3338354.0,Kate Lyn Sheil
858128.0, Thilakan
6049515.0, Kate Rasmussen
3763181.0, Bogdan Alexandru
292196.0, Mat Fraser
2077992.0, Anna Schinz
1194672.0,Julie Gonzalo
635262.0,Ola Rapace
635262.0, Ola Rapace
420955.0, Richard Jenkins
80532.0,Tomasz Bialkowski
4803152.0, Anson Bagley
3910031.0, Ben Davies
3033133.0,Kierstyn Elrod
2687517.0, Chris Reilly
1125872.0, Abel Ferry
415382.0, Sam Jaeger
415382.0,Sam Jaeger
265668.0,Donald Faison
3880181.0, Abbey Lee
312217.0, Jordan Gelber
330335.0,Jonathan Gordon
1830.0, Sophie Ward
2102514.0,Harman Baweja
7436998.0,Keaton Nigel Cooke
115730.0,Patrick Bruel
930570.0,Evan Williams
6427328.0,Jessica Taylor Haid
3300247.0,Tristan Barr
3944811.0, Darla Taylor
8286716.0,Bayley Johnson
3005544.0,James Rolfe
1712549.0, Woody Naismith
3508522.0, Zeynep Çamci
3223609.0,Randall C. Brown
3435850.0, Charlotte Eugène Guibeaud
3601359.0,Dhruv Ganesh
739948.0, Nicolas Ronchi
3109407.0, Shiv Panditt
9245611.0, Celina Peter
460206.0, Brian Klugman
2499064.0,Uzo Aduba
932870.0,André Wilms
3280878.0,Brandy Mason
6518846.0,KSI
3169069.0,Aditya Roy Kapoor
247754.0,Francesca Eastwood
5169.0, Natasha Lyonne
2426419.0, Andrew Sensenig
1730935.0, Daryn Kahn
5176076.0,Mariya Smolnikova
524722.0,LeToya Luckett-Walker
438484.0, Omkar Kapoor
2566697.0, Elizabeth Gillies
1134702.0,Bindi Irwin
3967480.0, Monica Dogra
1542389.0, Ömer Duran
4059916.0,Curtis Snow
1228.0, Peter Fonda
915093.0, Jonathan Watton
263.0, Kirstie Alley
947166.0,Jason Yee
1310016.0,Brian Geraghty
1310016.0, Brian Geraghty
532464.0, Leonardo Machado
8744701.0, Hana Colley
1540.0, Rachel Miner
3149143.0, Catherine Annette
838000.0, Charlotte Sullivan
805476.0, John Slattery
1238488.0,Derek Lee Nixon
45949.0, Dan Badarau
190497.0, Wilson Cruz
4940633.0, Ella Ballentine
2452551.0,Alexis Kendra
849214.0,Mark Tandy
8619080.0, Uma Bracaglia
5000971.0,Erica Linz
1872698.0,Dianna Agron
4091900.0, Courtney Daniels
4740113.0,Saara Chaudry
144260.0, Cassie Ventura
2368789.0,Zoë Kravitz
2368789.0, Zoë Kravitz
3151339.0, Noelle DuBois
1036340.0, Rachel Boston
1036340.0,Rachel Boston
4578637.0,Jacopo Olmo Antinori
387319.0, Josie Ho
442559.0, John Kavanagh
2363977.0, Elizabeth Keener
4500225.0, Greg Forrest
355440.0,Craig Hall
368017.0,Mehdi Hashemi
5526091.0, Young Blo
7111120.0, Olivia Rodrigo
1035628.0, Martijn Kuiper
3459140.0, Olivia Luccardi
2719406.0,Mathew Baynton
3049403.0, Fumi Nikaidô
3299394.0, Sisca Jessica
4378215.0,Aaron Milo
1404488.0, AJ Michalka
819851.0, Dylan Sprouse
2738630.0, Jorge Luis Moreno
1347859.0, Tom Zembrod
1690191.0,Ana Majhenic
3078.0, Roger Cross
218080.0,Lee Demarbre
2285559.0, Allison Lane
3302440.0,Katie L. Hall
2965079.0, Caitlin Carmichael
4515896.0,Anas Abdirahman
2972423.0, Gavin Stenhouse
326937.0, Miguel Gomes
931373.0,Nathan Williams
2419914.0, Laurie Simmons
141450.0,Alex Carter
2046855.0,Zach Woods
7682309.0, Caleb Paddock
3166557.0, Tim Haars
3315894.0,Varun Dhawan
1911103.0, David Ellison
1325129.0, Sunil Thapa
323483.0,Luis Gnecco
821328.0, Nancy Stafford
839730.0,Tammin Sursok
4101853.0,Alexander Dreymon
2407549.0,Dylan Postl
5180933.0,Min-soo Jo
4901062.0, Maria Laird
1728959.0, Christina Ulloa
2068832.0, Nicola Lambo
427581.0,Bill A. Jones
4338487.0, Alena Savostikova
5752521.0,Jacob Buster
1938310.0, Anne McDaniels
268007.0, Diane Farr
2674140.0,Nicole LaLiberte
1160472.0,Rossif Sutherland
351762.0,Martina Haag
78517.0,Gene Bervoets
2082499.0,Van Hansis
1443306.0, Marshall Cook
2466076.0, Cheryl Lyone
1191181.0, Samantha Streets
95478.0, Mark Boone Junior
6372531.0,Madeleine Hutchins]
1870447.0,Zoë Gameau
4874688.0, Austin Vickers
757087.0,Maaya Sakamoto
2574172.0, Mark Grossman
5242800.0, Patrick Arthur
2391440.0, Annabelle Stephenson
6863919.0,Devon Terrell
796502.0, Alexander Siddig
3374941.0, Steven Krueger
525.0,Heather Matarazzo
6348079.0, Xzannjah Matsi
5298570.0, Mateusz Dopieralski
928191.0, Madeline Vail
3015254.0,Catalina Martin
1075208.0, Virginia Williams
896573.0, Ashish Vidyarthi
937239.0, Tom Wlaschiha
628897.0,Sahr Ngaujah
598241.0, Sophie Monk
573134.0,Don McManus
1154749.0, Sofia Boutella
1868320.0, Ashleigh Ball
213374.0, Kristine DeBell
5789503.0,Jacob D. Woody
4719588.0, Katie Coseni
1088340.0, James Doherty
7241077.0,Zane Austin
4892994.0, Jamey Green
707816.0, John Ralston
2476500.0,Tenika Davis
6938909.0, Aubrie Woods]
1163.0,Roy Dupuis
384152.0, Conleth Hill
723415.0, Elizabeth Rice
2680362.0, Joe Hartzler
5949467.0, Görkem Kasal
1640358.0, Stephanie Lugo
6701170.0, Elli Tringou
808865.0,Justin Smith
4156117.0, Richard McWilliams
4398647.0,"""Aislinn Death"""
2628935.0,Kerry Bishé
3761004.0, Nani
186225.0,Barbara Crampton
3262317.0,Josh Whitehouse
620017.0, Kazuya Nakai
3347332.0,Aaron Thornton
3146486.0,Tina Ivlev
7541174.0, Jack Colgrave Hirst
333523.0,Tzahi Grad
1528026.0, Aisling Loftus
2584392.0,Tom Hopper
3174706.0,Michael Laurino
5168.0,Jamie Luner
6982686.0,Logan Paul
3814880.0,Paul Sidhu
4304862.0,Anubrata Basu
6627201.0,Bethan Leadley
2837410.0,"""Morgana OReilly"""
3846716.0,Cameron Deane Stewart
3468327.0,Melissa Carnell
1574663.0,Collins Pennie
3874849.0, Petar Strugar
659048.0, Kay Panabaker
5290643.0,Tom Bateman
321591.0,Michael Gladis
6939304.0,Barbora Daugirdaite
397110.0,Andrew Howard
1682400.0, Spencer Locke
1851028.0,Miles Heizer
3656718.0,Ben Winchell
4597126.0, Fady Elsayed
1033215.0, John Paul Tremblay
50959.0, Pedro Pascal
93051.0,Uwe Boll
4965754.0,Aiden Longworth
2791093.0, Matt McGorry
2253799.0,Limara Meneses
184698.0,Brendan Cowell
302965.0,Billy Ray Gallion]
12239.0, Sarah Adler
3028961.0, Paris P. Pickard
281167.0, Joe Flanigan
535019.0,Natalie Brown
6079886.0, Cherry Wallis
706842.0, Mel Raido
6938910.0,"""Sarah DAmico"""
2768721.0,Carlee Baker
5053020.0,Gavin Brown
551154.0, Ruth Marshall
701008.0,Esther Purves-Smith
869871.0,Russell Tovey
385.0,Sam Elliott
8077778.0,Gabriel Epstein
3079503.0,August Wittgenstein
2014783.0,Roxy Vandiver
446432.0, Ian Kelly
251526.0,Karoline Eichhorn
350335.0,Robert Gwilym
564901.0,Martin McCann
3616206.0, Nina Arianda
1143429.0, Corey Large
7368024.0, Déborah Lukumuena
1182255.0, Amrita Rao
5786768.0, Jared Breeze
4308680.0, Ryan Prescott
1683094.0,Aaron Yoo
1192344.0, Courtney Mun
1738.0,Jonathan Silverman
5519350.0,Conner Chapman
9220564.0," ""Wang XiAn"""
1918942.0, Eliza Swenson
71824.0, Jill Bennett
225019.0,Mario Diaz
205793.0, Ninetto Davoli
440229.0, Vincent Kartheiser
3042755.0,Thomas Middleditch
1013318.0, Jenni Baird
633223.0, Cynthia Nixon
916037.0, Bronson Webb
3584268.0, James Norton
2701325.0, Maeve Jinkings
5640132.0,Summer H. Howell
240318.0, Lola Dueñas
588364.0, Gabrielle Miller
2014390.0,Justin Chon
1726942.0, Alpay K. Atalan
1641140.0, Clive Standen
2584298.0,Kelen Coleman
1375330.0,Henry Hopper
5291376.0, Bianca A. Santos
1426138.0, Fedja Stukan
1549295.0,Harrison Gilbertson
4495174.0, Parineeti Chopra
718957.0, Leah Remini
1099085.0, Joe Nunez
5731217.0, Amelia Haberman
416508.0, James Fraser
33165.0, Michael Arata
2888.0,Stephen Blackehart
1635248.0,David Christian Welborn
134480.0, Salvatore Cantalupo
4100042.0,Conor McCarron
2149245.0,Yûko Sanpei
6669591.0, Andrea Rueda
3132784.0,Kishore Kumar G.
4631446.0,Melisa Young
7316147.0,Jesuthasan Antonythasan
3195528.0, Matt Barber
156858.0, Shefali Shah
4121397.0,Didem Ellialti
1254025.0, Alex Hernandez
2666409.0, RJ Mitte
1970642.0,Jordana Beatty
203457.0, Pete Davidson
637505.0,Menashe Noy
779866.0,Tom Everett Scott
3121779.0, Logan Stalarow
3329371.0,Edward Akrout
1434871.0, Wes Chatham
5272.0,Thomas Ian Nicholas
1778986.0, John Tokatlidis
2953616.0,Chi Cao
3190246.0,Richa Chadha
3624428.0, Justin Prentice
1134439.0, Emma Booth
990657.0,Brian Yang]
420091.0, Jeeva
692634.0,Brian Posehn
10906444.0, Jarlinsson Ramirez Reinoso
3739811.0, Esteban Masturini
3957563.0, Stephanie Bennett
3080896.0, Kathryn Burns
3231715.0, Arjun Gupta
129281.0, Marco Calamandrei
5217282.0, Sam Cantergiani
4655049.0, Scott Gillespie
1550452.0,Bobbi Sue Luther
1300254.0, Binnur Kaya
3674507.0, Emily Skinner
3068991.0, Dafna Kronental
3187567.0,Joel Hogan
6455550.0, Skyler Yeast
134491.0, Dario Cantarelli
624694.0,Richard Neil
128986.0,Darian Caine
1084937.0, Luiso Berdejo
3719063.0, Joy Senn
270005.0, Özay Fecht
667350.0, Jay Paulson
2116419.0,Gregg Sulkin
11170255.0,Veronica Ricci
5956399.0, Michelle Hendley
1882929.0, Liana Liberato
927240.0,Robert Wieckiewicz
1541712.0, Davyd Tousignant
108295.0, Paget Brewster
1292661.0,Luke Hemsworth
2673828.0, Parris Mosteller
3567018.0,Sarah Booth
2711305.0,Matt Bennett
4248899.0,Gretchen Lodge
5756214.0, Rakshit Shetty
4626627.0,Harshvardhan Rane
1011439.0, Shane Kippel
274184.0, Lucas Ferraro
5604363.0,Silvia Busuioc
684131.0, Hon Ping Tang
3823216.0, Anshuman Jha
7441022.0, Shalini Pandey
159159.0, Prem Chopra
2120394.0, Frano Maskovic
254712.0, Aunjanue Ellis
781899.0,Pamela Adlon
2024927.0,Alan Ritchson
607.0,Paul Reubens
1044403.0,David Anders
5041989.0,Andy Biersack
2642892.0, Todd Lasance
1538552.0, Michela Cescon
862858.0, Fernando Tielve
1022527.0, Peter Miller
2764521.0, Karolina Wydra
853498.0, Rima Te Wiata
3943296.0, Greg Kam
2065025.0, Erlend Nervold
2.0,Lauren Bacall
402116.0, Cemal Hünal
1001863.0, Jeffrey Schmidt
5064713.0,Félix de Givry
2950293.0, Lucie Lucas
3807965.0,Sundeep Kishan
3733098.0,Aida Elkashef
1731751.0,Jack Clay
4109.0,Gulshan Grover
353247.0,Sarah Hagan
2064865.0, Christos Vasilopoulos
849028.0,Mayumi Tanaka
108703.0,Sean Bridgers
5922802.0,Lance Channing
176040.0, Mihai Constantin
1616349.0,Dave Annable
3980050.0, Kimberly-Sue Murray
4977.0,Brian Austin Green
1146243.0, Teddy Sears
1312305.0,Brittany Ashworth
1939016.0,Jacob Zachar
3783690.0,Adolfo Mendez-Nouel
934.0, Bernardo Bertolucci
4558567.0,Masey McLain
1720.0, Ivan Sergei
1439093.0, Liz Lytle
2111771.0, David Loren
2712984.0, Sky Hirschkron
4689420.0, Carrie Coon
1574234.0, Lorraine Nicholson
1036050.0, Shaun Sipos
4588939.0, Lucas Linehan
1845127.0,Michael Fuith
48288.0,Brandon Baker
3694593.0, Emilia Ares
751257.0, Jonah Russell
830407.0, Brad Stine
279064.0,Neal Fischer
4682935.0,Adam Bakri
2552034.0,Melissa Benoist
1727367.0,Tim Heidecker
5425875.0,Jay Dobyns
1039877.0, Tim Draxl
2501633.0,Lena Dunham
4056899.0, Mark Gibson
3952890.0,Juliana Harkavy
5362666.0," ""Brian Scott OConnor"""
229584.0, Veerle Dobbelaere
3165623.0,Sharon Hinnendael
3796544.0, Antonia Putiloff
4908.0, Edie Falco
1101127.0,Calum Worthy
1038.0,Josh Charles
5117180.0,Sofia Karemyr
2890541.0,Josh Helman
1005514.0,Patrick John Flueger
2980797.0,Muriel Wimmer
2601111.0,Nazriya Nazim
1120677.0,Jane Hampson
1918862.0, Déborah François
1918862.0,Déborah François
4793078.0, Hailey Nebeker
1169471.0,George Stults
340028.0,Kay Greidanus
6309541.0,Georgia Bradley
627492.0, Brooke Nevin
1324819.0,Joshua Brennan
119.0,Tia Carrere
2514271.0, Primorata Dejudom
4630480.0,Henry Kelemen
15142.0, Aydemir Akbas
3758466.0,Gustav Fischer Kjærulff
948267.0,Dwight Yoakam
651159.0, John Ortiz
6465212.0,Aleksandra Cwen
511264.0, Sarah Lind
511264.0,Sarah Lind
3418610.0,Ryan Hartwig
4381033.0, Frank Qutuq Irelan
3310342.0,Eusebio Arenas
656335.0,Sam Page
1468944.0, Chie Nakamura
5499.0,Lily Tomlin
944464.0,Yu Xia
316805.0,Rebecca Gibney
951958.0, Luis Zahera]
1176300.0,Themis Panou
1603403.0,Keith Jordan
6933414.0,Patrick Lawrie
389581.0, Michael Hogan
511333.0, Benedikte Lindbeck
4685196.0, Dusta Kimzey
1442928.0," ""Bobbe J. Thompson"""
726457.0,Rena Riffel
1492.0,Kyle MacLachlan
3429884.0, Arinzé Kene
7512968.0,Mehmet Cerrahoglu
1259068.0,Josh Henderson
2691819.0, Travis Milne
5913962.0, Siddharth Menon
154000.0, Christine Chatelain
5572919.0,Michelle Mylett
903900.0, Kassandra Voyagis
1342938.0,Marika Mashburn
5066609.0,Ashley Mary Nunes
905675.0, Klaus Wagenbach
6784754.0,Ibrahim Ahmed
3906552.0," ""Finneas OConnell"""
10442432.0,Rafael Guerra
2596365.0, Jacqueline Fernandez
2313157.0,Ben Lewis
2977667.0,Danny Morgan
6021266.0,Alanna LeVierge
2328628.0,Matt Prokop
4410185.0,Yle Vianello
9007746.0, Florin Arhip
1802209.0, Nick Kroll
1317154.0, Anna Skellern
3871647.0,Dylan Gelula
453492.0,Jacqueline Kim
1166041.0, Ophelia Lovibond
3096056.0, Michael Dickson
6455381.0, Paris Warner
574460.0,Shane McRae
470182.0, Brian Krause
470182.0,Brian Krause
742183.0, Brett Rosenberg
6838010.0,Maria Palm
5517798.0,Marta Blanc
5305841.0, Kriti Sanon
1032208.0, Autumn Reeser
9696742.0,Judith Akuta
1323822.0,Adepero Oduye
1296812.0, Noelle Kenney
4576721.0, Justin Sean Kelly
3999053.0, Barbara Elischka
1732403.0, Brianne Davis
1728099.0, Eric Wareheim
668702.0, Joshua Peace
1899390.0,Khan Chittenden
8682289.0, Prakash Raghavan
775455.0,Carly Schroeder
1234298.0, Konkona Sen Sharma
424453.0, Adam Johnson
1030395.0,Tatyana Kanavka
231122.0, Aubrey Dollar
2417108.0, Joana de Verona
2326075.0,Vanessa Ray
4563896.0,Emma Greenwell
8040682.0,Seun Ajayi
920185.0, Dolly Wells
3538440.0, Daniel Skelton
938828.0,Mark Womack
1254152.0, Catherine Walker
853079.0,Robert Taylor
753982.0, Eva Röse
3598337.0,Rachel Hendrix
4675287.0,Dong-xue Li
2984794.0,Patricio Ramos
6216310.0,Natassia Halabi
302.0, Jacqueline Bisset
2847544.0, Alma Terzic
159745.0,Casper Christensen
837839.0, Elia Suleiman
5752523.0,Melanie Stone
237711.0,Sarah Drew
2624186.0, Caitlin FitzGerald
2372117.0, Gabriel Miller
877613.0,Jane Turner
818.0, Shabana Azmi
1748489.0, Zulay Henao
1372074.0,Oren Skoog
359430.0,Sheila Hancock
397721.0, Kevin Howarth
1901842.0,Ella Chen]
2378013.0, Ben Gigli
5947724.0, Sakshi Chaudhary
4358770.0,Jonathan Good
2542278.0, Liezl Carstens
1917423.0, Eman Xor Oña
3967854.0,Jonathan Daniel Brown
1223545.0,Cindy Busby
879186.0, Richard Tyson
6570557.0, Jessie Pinnick
698275.0, John Procaccino
157915.0, Nick Chinlund
3924265.0,Jack Falahee
605080.0,Trevor Morgan
2781723.0, Jessica Cameron
3248880.0,Claire Sloma
4162662.0,Killian Coyle
3858768.0,Brely Evans
1075603.0,David Garrett
2349726.0,Rico Rodriguez
698977.0,Kirsten Zien
1970053.0, Hannah Hodson
1981440.0,Escher Holloway
1544100.0,Bobby Coleman
4649642.0, Ananyaa Shah
1020345.0, Marc Senter
2849114.0, Nick Frangione
4273857.0, Hamza Ali Abbasi
505971.0, Ted Levine
1631380.0,Alexandria M. Salling
390229.0,Laurie Holden
2728054.0, Olly Alexander
8109101.0, Erika Bauer
5369197.0,Shree Crooks
3702875.0, Derek Efrain Villanueva
1373910.0,Nicky Bell
233145.0, Alison Doody
2476978.0, Wyatt Fenner
3412273.0, Charlie Wernham
944192.0, Rakel Wärmländer
1564024.0, Texas Battle
2685920.0, Simon J. Berger
2945270.0, Anand Tiwari
6472234.0,Patralekhaa Paul
2051265.0,Quinn Lord
633665.0,Ross Noble
1997902.0,Brian Drolet
2742329.0,Rafael Morais
1680220.0, Hanne Steen
254502.0,John Elliot]
6390427.0,Charlie Heaton
1553954.0, Itay Tiran
4568989.0, Matthew Daddario
399088.0,Patrick Huard
4155713.0, Kristian Gwilliam
302916.0, Guillaume Gallienne
4683875.0, Jacob A. Ware
400261.0, Cady Huffman
4021161.0,Vitalie Bichir
1645332.0, Joseph Melendez
1959800.0, Kanata Hongô
4195102.0, Sanchita Shetty
3891176.0, Thomas Beaudoin
1299011.0, Riteish Deshmukh
1215600.0,Ryan Piers Williams
3775208.0, Chris Puckett
3740249.0, Zhu Lin
2276276.0,Jake Macapagal
1625732.0,Houston Rhines
5301405.0, Mia Goth
911639.0, Johnny Ward
3099754.0,Jack Whitehall
1726021.0,Ryan McCoy
4857479.0, Kim Park
